time;Engine speed: ---;Short term adaptation of mixture formation bank 1: ---;Misfire sum counter: ---;Long term adaptation of mixture formation bank 1: ---;Fuel Pressure: ---;Absolute intake pressure: ---;Target position of EVAP canister valve: ---;Charge press. ctrl.: Charge air pressure 1, specified value;Ignition timing adjustment cylinder 1: ---;Air mass, actual value (mg/stroke): ---;Timing angle retardation cylinder 1: ---;Timing angle retardation cylinder 2: ---;Timing angle retardation cylinder 3: ---;Timing angle retardation cylinder 4: ---;Wear index: ---
0;798.0;-7.8;0.0;-12.5;5390.0;27.0;0.0;78.81;6.5;120.37;0.0;0.0;0.0;0.0;1.8E-7
987;797.0;-7.8;0.0;-12.5;5400.0;27.0;0.0;78.78;5.0;120.41;0.0;0.0;0.0;0.0;1.8E-7
1919;799.0;-7.8;0.0;-12.5;5410.0;27.0;0.0;78.78;5.5;120.11;0.0;0.0;0.0;0.0;1.8E-7
2849;798.0;-7.8;0.0;-12.5;5400.0;27.0;0.0;78.78;5.0;120.3;0.0;0.0;0.0;0.0;1.8E-7
3809;799.0;-7.8;0.0;-12.5;5400.0;27.0;0.0;78.78;8.0;126.74;0.0;0.0;0.0;0.0;1.8E-7
4768;814.0;-8.6;0.0;-11.7;5580.0;29.0;0.0;78.78;11.0;156.01;0.0;0.0;0.0;0.0;1.8E-7
5700;839.0;-5.5;0.0;-1.6;7550.0;69.0;3.5;82.75;1.5;327.67;0.0;0.0;0.0;0.0;2.6E-7
6690;1128.0;-2.3;0.0;0.8;10700.0;74.0;3.5;83.66;10.0;327.67;0.0;0.0;0.0;0.0;2.6E-7
7622;1353.0;-1.6;0.0;0.8;14960.0;82.0;0.0;90.63;12.5;327.67;0.0;0.0;0.0;0.0;1.2E-6
8552;1895.0;-0.8;0.0;0.8;19310.0;90.0;0.0;97.44;-11.0;327.67;0.0;0.0;0.0;0.0;1.2E-6
9508;1779.0;0.0;0.0;0.8;20100.0;105.0;0.0;106.25;10.0;327.67;0.0;0.0;0.0;0.0;1.2E-6
10439;2240.0;-0.8;0.0;0.8;19600.0;103.0;0.0;114.28;-8.5;327.67;0.0;0.0;0.0;0.0;2.46E-6
11401;1767.0;0.8;0.0;0.8;20820.0;116.0;0.0;119.19;5.5;327.67;0.0;0.0;0.0;0.0;2.46E-6
12332;2127.0;-0.8;0.0;0.8;23000.0;143.0;0.0;113.28;9.5;327.67;0.0;0.0;0.0;0.0;6.82E-6
13322;2418.0;-0.8;0.0;0.8;20220.0;108.0;0.0;119.81;-9.5;327.67;0.0;0.0;0.0;0.0;6.82E-6
14253;1876.0;-1.6;0.0;0.8;21970.0;131.0;0.0;136.5;2.0;327.67;0.0;0.0;0.0;0.0;6.82E-6
15241;2008.0;-0.8;0.0;0.8;20930.0;89.0;0.0;92.66;13.5;327.67;0.0;0.0;0.0;0.0;3.4E-6
16174;2112.0;-2.3;0.0;0.8;19180.0;88.0;5.1;97.88;11.5;327.67;0.0;0.0;0.0;0.0;3.4E-6
17130;2077.0;-0.8;0.0;0.8;20240.0;104.0;16.9;116.63;2.5;327.67;0.0;0.0;0.0;0.0;2.54E-6
18090;1594.0;0.0;0.0;0.8;21660.0;130.0;20.0;137.94;1.5;327.67;0.0;0.0;0.0;0.0;2.54E-6
19081;1672.0;0.0;0.0;0.8;22560.0;137.0;22.0;136.38;1.5;327.67;0.0;0.0;0.0;0.0;2.54E-6
20010;1742.0;1.6;0.0;0.8;22310.0;135.0;22.4;131.72;2.0;327.67;0.0;0.0;0.0;0.0;3.42E-6
20972;1808.0;0.0;0.0;0.8;20320.0;100.0;21.6;103.63;8.5;327.67;0.0;0.0;0.0;0.0;3.42E-6
21903;1883.0;-7.8;0.0;0.8;17270.0;23.0;0.0;78.78;7.0;79.95;0.0;0.0;0.0;0.0;1.74E-6
22831;1770.0;0.0;0.0;0.8;15020.0;21.0;0.0;78.78;33.0;76.15;0.0;0.0;0.0;0.0;1.74E-6
23791;1620.0;0.0;0.0;-1.6;15090.0;21.0;0.0;78.78;33.0;76.11;0.0;0.0;0.0;0.0;1.74E-6
24750;1482.0;0.0;0.0;-3.9;15110.0;22.0;0.0;78.78;31.5;105.08;0.0;0.0;0.0;0.0;2.0E-8
25681;1500.0;0.0;0.0;0.8;13000.0;63.0;0.0;92.0;-4.5;327.67;0.0;0.0;0.0;0.0;2.0E-8
26610;1491.0;1.6;0.0;0.8;17650.0;106.0;17.3;139.19;1.0;327.67;0.0;0.0;0.0;0.0;2.0E-8
27545;1559.0;0.0;0.0;0.8;22280.0;132.0;19.6;141.06;1.5;327.67;0.0;0.0;0.0;0.0;1.72E-6
28499;1632.0;0.8;0.0;0.8;22930.0;139.0;21.2;136.09;2.0;327.67;0.0;0.0;0.0;0.0;1.72E-6
29430;1716.0;0.8;0.0;0.8;22870.0;141.0;22.0;149.88;0.5;327.67;0.0;0.0;0.0;0.0;3.6E-6
30359;1799.0;0.0;0.0;0.8;22930.0;159.0;23.1;179.31;-2.5;327.67;0.0;0.0;0.0;0.0;3.6E-6
31288;1910.0;0.0;0.0;0.8;22930.0;182.0;23.1;179.28;-2.5;327.67;0.0;0.0;0.0;0.0;3.6E-6
32220;2003.0;0.0;0.0;0.8;22940.0;173.0;23.1;159.63;-1.0;327.67;0.0;0.0;0.0;0.0;5.16E-6
33182;2099.0;0.0;0.0;0.8;22870.0;144.0;23.5;148.0;4.0;327.67;0.0;0.0;0.0;0.0;5.16E-6
34112;2187.0;0.0;0.0;0.8;22640.0;139.0;23.5;130.03;5.0;327.67;0.0;0.0;0.0;0.0;4.84E-6
35041;2267.0;0.0;0.0;0.8;21110.0;105.0;23.1;108.88;10.0;327.67;0.0;0.0;0.0;0.0;4.84E-6
35972;2012.0;-3.1;0.0;0.8;18960.0;78.0;3.5;78.78;15.0;235.92;0.0;0.0;0.0;0.0;4.84E-6
36900;1548.0;-7.8;0.0;-2.3;15850.0;20.0;0.0;78.78;-14.5;73.78;0.0;0.0;0.0;0.0;2.28E-6
37831;1488.0;0.0;0.0;-3.1;15670.0;21.0;0.0;78.78;32.5;75.31;0.0;0.0;0.0;0.0;2.28E-6
38760;1407.0;0.0;0.0;-4.7;15760.0;22.0;0.0;78.78;32.0;76.43;0.0;0.0;0.0;0.0;2.0E-8
39689;1349.0;0.0;0.0;-4.7;15420.0;23.0;0.0;78.78;7.0;85.48;0.0;0.0;0.0;0.0;2.0E-8
40621;1347.0;0.0;0.0;-6.3;13730.0;20.0;0.0;78.78;33.5;77.21;0.0;0.0;0.0;0.0;2.0E-8
41551;1313.0;0.0;0.0;-5.5;13830.0;22.0;0.0;78.78;33.5;75.64;0.0;0.0;0.0;0.0;1.0E-7
42510;1198.0;0.0;0.0;-8.6;13890.0;23.0;0.0;78.78;32.0;73.19;0.0;0.0;0.0;0.0;1.0E-7
43444;1102.0;0.0;0.0;-9.4;13940.0;23.0;0.0;78.78;33.5;77.98;0.0;0.0;0.0;0.0;1.0E-7
44370;1400.0;0.0;0.0;-3.1;13970.0;22.0;0.0;78.78;33.5;76.85;0.0;0.0;0.0;0.0;0.0
45301;1511.0;0.0;0.0;-3.1;14000.0;22.0;0.0;78.75;32.5;76.64;0.0;0.0;0.0;0.0;0.0
46235;1424.0;0.0;0.0;-3.9;14010.0;22.0;0.0;78.78;32.5;76.43;0.0;0.0;0.0;0.0;0.0
47190;1335.0;0.0;0.0;-5.5;14030.0;22.0;0.0;78.75;31.0;80.1;0.0;0.0;0.0;0.0;0.0
48128;1277.0;0.0;0.0;-6.3;14040.0;22.0;0.0;78.69;33.0;76.85;0.0;0.0;0.0;0.0;0.0
49051;1225.0;0.0;0.0;-7.8;14050.0;22.0;0.0;78.72;31.5;77.91;0.0;0.0;0.0;0.0;0.0
49979;1142.0;0.0;0.0;-8.6;14060.0;22.0;0.0;78.69;32.0;77.7;0.0;0.0;0.0;0.0;0.0
50913;1094.0;0.0;0.0;-9.4;14060.0;23.0;0.0;78.72;31.5;78.78;0.0;0.0;0.0;0.0;0.0
51871;1069.0;0.0;0.0;-2.3;13330.0;37.0;0.0;78.72;-10.0;242.74;0.0;0.0;0.0;0.0;0.0
52797;1530.0;0.0;0.0;0.8;14940.0;99.0;0.0;158.53;5.0;327.67;0.0;0.0;0.0;0.0;0.0
53763;1771.0;3.1;0.0;0.8;20500.0;138.0;24.3;188.13;2.0;327.67;0.0;0.0;0.0;0.0;1.68E-6
54689;2737.0;3.1;0.0;0.8;23010.0;163.0;24.7;182.53;-1.5;327.67;0.0;0.0;0.0;0.0;1.68E-6
55649;2205.0;2.3;0.0;0.8;22980.0;206.0;22.4;213.66;-3.5;327.67;0.0;0.0;0.0;0.0;7.04E-6
56580;2480.0;3.1;0.0;0.8;22940.0;221.0;18.4;221.06;-5.5;327.67;0.0;0.0;0.0;0.0;7.04E-6
57511;2746.0;3.1;0.0;0.8;22970.0;220.0;16.1;221.66;-4.0;327.67;0.0;0.0;0.0;0.0;7.04E-6
58441;3022.0;3.9;0.0;0.8;23040.0;219.0;15.3;186.03;0.5;327.67;0.0;0.0;0.0;0.0;1.022E-5
59371;3250.0;2.3;0.0;0.8;22880.0;158.0;22.7;157.72;-12.0;327.67;0.0;0.0;0.0;0.0;1.022E-5
60302;2387.0;0.8;0.0;0.8;22890.0;142.0;23.9;121.34;6.5;327.67;0.0;0.0;0.0;0.0;7.28E-6
61231;1857.0;-2.3;0.0;0.8;22980.0;165.0;20.8;186.84;-3.5;327.67;0.0;0.0;0.0;0.0;7.28E-6
62160;1739.0;0.0;0.0;0.8;22920.0;178.0;22.4;161.5;-6.0;327.67;0.0;0.0;0.0;0.0;7.28E-6
63092;1769.0;0.8;0.0;0.8;22190.0;94.0;8.2;89.78;13.0;327.67;0.0;0.0;0.0;0.0;4.44E-6
64020;1789.0;-3.9;0.0;0.8;18930.0;87.0;3.5;89.97;14.5;327.67;0.0;0.0;0.0;0.0;4.44E-6
64950;1784.0;-1.6;0.0;0.8;18490.0;72.0;0.0;78.75;16.0;262.24;0.0;0.0;0.0;0.0;4.44E-6
65881;1792.0;-7.8;0.0;0.8;15000.0;63.0;0.0;78.75;23.0;170.47;0.0;0.0;0.0;0.0;1.58E-6
66812;1735.0;-10.2;0.0;0.0;11660.0;20.0;4.7;78.75;26.5;92.2;0.0;0.0;0.0;0.0;1.58E-6
67771;1779.0;-18.0;0.0;0.8;11430.0;69.0;0.0;84.69;13.5;327.67;0.0;0.0;0.0;0.0;7.0E-7
68700;1716.0;-6.3;0.0;0.8;14200.0;65.0;0.0;78.75;15.5;311.31;0.0;0.0;0.0;0.0;7.0E-7
69634;1757.0;-2.3;0.0;0.8;19470.0;94.0;0.0;94.91;10.5;327.67;0.0;0.0;0.0;0.0;7.0E-7
70587;1747.0;-0.8;0.0;0.8;19960.0;103.0;0.0;123.69;4.5;327.67;0.0;0.0;0.0;0.0;1.68E-6
71523;1774.0;0.8;0.0;0.8;22500.0;138.0;23.5;158.34;1.0;327.67;0.0;0.0;0.0;0.0;1.68E-6
72449;1809.0;0.0;0.0;0.8;23040.0;169.0;0.0;202.25;-3.0;327.67;0.0;0.0;0.0;0.0;3.96E-6
73381;1850.0;0.0;0.0;0.8;22980.0;203.0;5.1;206.22;-4.5;327.67;0.0;0.0;0.0;0.0;3.96E-6
74311;1888.0;0.0;0.0;0.8;23000.0;203.0;23.1;189.53;-3.0;327.67;0.0;0.0;0.0;0.0;3.96E-6
75241;1923.0;0.0;0.0;0.8;22930.0;183.0;23.1;173.44;-2.5;327.67;0.0;0.0;0.0;0.0;6.06E-6
76170;1952.0;0.0;0.0;0.8;22910.0;156.0;23.1;163.75;-1.0;327.67;0.0;0.0;0.0;0.0;6.06E-6
77099;1988.0;0.0;0.0;0.8;22880.0;154.0;23.1;148.66;1.0;327.67;0.0;0.0;0.0;0.0;5.0E-6
78061;2010.0;0.0;0.0;0.8;21770.0;108.0;0.0;109.06;9.0;327.67;0.0;0.0;0.0;0.0;5.0E-6
78991;2026.0;-3.9;0.0;0.8;20100.0;106.0;0.0;108.34;9.0;327.67;0.0;0.0;0.0;0.0;5.0E-6
79920;2017.0;-6.3;0.0;0.8;17540.0;65.0;0.0;78.69;19.0;252.83;0.0;0.0;0.0;0.0;2.6E-6
80850;1570.0;-7.8;0.0;0.8;14820.0;68.0;3.5;78.69;17.5;257.39;0.0;0.0;0.0;0.0;2.6E-6
81779;1496.0;-8.6;0.0;-3.1;13150.0;19.0;0.0;78.69;-8.0;122.93;0.0;0.0;0.0;0.0;2.6E-6
82742;1479.0;-10.9;0.0;0.8;11950.0;64.0;0.0;78.69;16.5;271.42;0.0;0.0;0.0;0.0;7.2E-7
83669;1469.0;-7.8;0.0;-2.3;13320.0;23.0;0.0;78.69;3.5;106.25;0.0;0.0;0.0;0.0;7.2E-7
84630;1462.0;-10.9;0.0;0.8;11930.0;66.0;0.0;92.72;-1.0;327.67;0.0;0.0;0.0;0.0;7.0E-7
85561;1453.0;-4.7;0.0;0.8;16620.0;88.0;0.0;90.53;12.0;327.67;0.0;0.0;0.0;0.0;7.0E-7
86489;1438.0;-7.0;0.0;0.8;16340.0;79.0;0.0;80.09;15.0;286.51;0.0;0.0;0.0;0.0;7.0E-7
87451;1443.0;-6.3;0.0;0.8;15730.0;75.0;0.0;78.69;15.5;285.49;0.0;0.0;0.0;0.0;1.2E-6
88380;1434.0;-7.0;0.0;0.8;16450.0;82.0;0.0;83.34;14.0;327.67;0.0;0.0;0.0;0.0;1.2E-6
89313;1433.0;-6.3;0.0;0.8;16990.0;82.0;0.0;85.22;14.0;325.26;0.0;0.0;0.0;0.0;1.06E-6
90240;1418.0;-7.0;0.0;0.8;15650.0;38.0;0.0;78.69;1.5;78.76;0.0;0.0;0.0;0.0;1.06E-6
91170;1345.0;0.0;0.0;-4.7;14070.0;19.0;0.0;78.69;33.5;76.68;0.0;0.0;0.0;0.0;1.06E-6
92131;1361.0;0.0;0.0;-5.5;14170.0;21.0;0.0;78.69;32.0;74.03;0.0;0.0;0.0;0.0;3.2E-7
93058;1345.0;0.0;0.0;-6.3;14260.0;22.0;0.0;78.69;32.0;73.76;0.0;0.0;0.0;0.0;3.2E-7
93989;1330.0;0.0;0.0;-6.3;14320.0;22.0;0.0;78.69;32.5;74.67;0.0;0.0;0.0;0.0;0.0
94923;1310.0;0.0;0.0;-6.3;14370.0;21.0;0.0;78.63;31.5;75.47;0.0;0.0;0.0;0.0;0.0
95856;1297.0;0.0;0.0;-6.3;14420.0;22.0;0.0;78.66;-7.0;136.85;0.0;0.0;0.0;0.0;0.0
96811;1306.0;0.0;0.0;-3.9;12120.0;20.0;0.0;78.69;-4.0;86.77;0.0;0.0;0.0;0.0;1.8E-7
97772;1242.0;0.0;0.0;-7.0;10630.0;21.0;0.0;78.69;32.0;78.21;0.0;0.0;0.0;0.0;1.8E-7
98760;1202.0;0.0;0.0;-8.6;10730.0;22.0;0.0;78.69;32.0;75.98;0.0;0.0;0.0;0.0;4.0E-8
99723;1150.0;0.0;0.0;-8.6;10800.0;22.0;0.0;78.69;32.5;75.41;0.0;0.0;0.0;0.0;4.0E-8
100649;1081.0;0.0;0.0;-11.7;10860.0;23.0;0.0;78.66;32.0;74.41;0.0;0.0;0.0;0.0;4.0E-8
101612;1002.0;0.0;0.0;-19.5;10890.0;23.0;0.0;78.59;32.0;77.45;0.0;0.0;0.0;0.0;0.0
102538;891.0;0.0;0.0;-13.3;10550.0;20.0;0.0;78.63;26.0;102.29;0.0;0.0;0.0;0.0;0.0
103469;862.0;0.0;0.0;-9.4;8850.0;24.0;0.0;78.66;9.5;94.04;0.0;0.0;0.0;0.0;1.6E-7
104429;984.0;-6.3;0.0;-10.2;7000.0;22.0;0.0;78.63;32.0;79.12;0.0;0.0;0.0;0.0;1.6E-7
105391;1354.0;0.0;0.0;-6.3;6870.0;22.0;0.0;78.59;9.5;84.14;0.0;0.0;0.0;0.0;1.6E-7
106320;1317.0;0.0;0.0;-4.7;5330.0;18.0;0.0;78.59;-18.0;78.95;0.0;0.0;0.0;0.0;1.4E-7
107252;1242.0;0.0;0.0;-7.8;4960.0;22.0;0.0;78.59;30.5;74.27;0.0;0.0;0.0;0.0;1.4E-7
108212;921.0;0.0;0.0;-9.4;5400.0;27.0;0.0;78.59;3.5;107.73;0.0;0.0;0.0;0.0;1.4E-7
109140;916.0;0.0;0.0;-10.9;5480.0;77.0;0.0;78.59;-6.0;210.32;0.0;0.0;0.0;0.0;1.0E-7
110101;1534.0;-2.3;0.0;0.8;9940.0;69.0;0.0;78.59;12.5;300.71;0.0;0.0;0.0;0.0;1.0E-7
111061;1717.0;-1.6;0.0;0.8;15300.0;81.0;0.0;85.75;14.0;327.67;0.0;0.0;0.0;0.0;1.18E-6
112050;1875.0;-0.8;0.0;0.8;18890.0;95.0;0.0;103.69;11.0;327.67;0.0;0.0;0.0;0.0;1.18E-6
113009;2095.0;0.8;0.0;0.8;19390.0;90.0;0.0;92.97;13.5;327.67;0.0;0.0;0.0;0.0;1.18E-6
114002;1794.0;0.0;0.0;0.8;20090.0;102.0;20.0;105.16;5.0;327.67;0.0;0.0;0.0;0.0;2.38E-6
114961;1702.0;2.3;0.0;0.8;19690.0;95.0;0.0;98.16;9.0;327.67;0.0;0.0;0.0;0.0;2.38E-6
115893;1826.0;0.8;0.0;0.8;19830.0;91.0;0.0;90.66;13.5;327.67;0.0;0.0;0.0;0.0;2.42E-6
116879;1912.0;-3.1;0.0;0.8;18560.0;73.0;0.0;78.66;5.5;119.92;0.0;0.0;0.0;0.0;2.42E-6
117843;1613.0;-17.2;0.0;-3.9;15330.0;19.0;0.0;78.63;-10.0;96.52;0.0;0.0;0.0;0.0;2.42E-6
118802;1320.0;0.0;0.0;0.8;13120.0;73.0;0.0;88.47;12.5;327.67;0.0;0.0;0.0;0.0;9.4E-7
119732;1326.0;-1.6;0.0;0.8;17170.0;86.0;3.1;89.94;11.5;327.67;0.0;0.0;0.0;0.0;9.4E-7
120660;1355.0;-3.9;0.0;0.8;17610.0;87.0;0.0;90.41;12.0;327.67;0.0;0.0;0.0;0.0;1.16E-6
121590;1374.0;-5.5;0.0;0.8;17390.0;86.0;0.0;93.16;9.5;327.67;0.0;0.0;0.0;0.0;1.16E-6
122519;1391.0;-5.5;0.0;0.8;18820.0;92.0;0.0;95.13;9.0;327.67;0.0;0.0;0.0;0.0;1.16E-6
123451;1411.0;-5.5;0.0;0.8;19070.0;94.0;0.0;97.88;7.5;327.67;0.0;0.0;0.0;0.0;1.34E-6
124380;1438.0;-0.8;0.0;0.8;19810.0;99.0;0.0;101.81;2.5;327.67;0.0;0.0;0.0;0.0;1.34E-6
125401;1425.0;-1.6;0.0;0.8;19770.0;98.0;0.0;101.06;3.5;327.67;0.0;0.0;0.0;0.0;1.9E-6
126360;1417.0;-5.5;0.0;0.8;19830.0;99.0;0.0;101.0;3.5;327.67;0.0;0.0;0.0;0.0;1.9E-6
127291;1426.0;-4.7;0.0;0.8;19030.0;92.0;0.0;93.06;10.0;327.67;0.0;0.0;0.0;0.0;1.9E-6
128250;1439.0;-7.8;0.0;0.8;18760.0;89.0;0.0;91.78;12.5;327.67;0.0;0.0;0.0;0.0;1.7E-6
129179;1446.0;-4.7;0.0;0.8;17430.0;83.0;0.0;85.84;13.5;327.27;0.0;0.0;0.0;0.0;1.7E-6
130112;1434.0;-7.0;0.0;0.8;15590.0;63.0;0.0;78.69;21.0;187.23;0.0;0.0;0.0;0.0;1.1E-6
131042;1434.0;-10.2;0.0;0.8;13130.0;65.0;0.0;78.69;18.5;238.53;0.0;0.0;0.0;0.0;1.1E-6
131969;1429.0;-7.8;0.0;0.8;13090.0;59.0;0.0;78.69;10.0;128.69;0.0;0.0;0.0;0.0;1.1E-6
132903;1410.0;-11.7;0.0;0.8;12110.0;69.0;0.0;78.66;16.0;291.81;0.0;0.0;0.0;0.0;7.0E-7
133861;1401.0;-7.0;0.0;0.8;16510.0;84.0;0.0;89.22;12.5;327.67;0.0;0.0;0.0;0.0;7.0E-7
134821;1381.0;-6.3;0.0;0.8;16480.0;79.0;0.0;78.63;15.5;290.33;0.0;0.0;0.0;0.0;1.06E-6
135751;1396.0;-7.0;0.0;0.8;16240.0;78.0;0.0;81.59;15.0;302.7;0.0;0.0;0.0;0.0;1.06E-6
136685;1406.0;-7.0;0.0;0.8;17220.0;85.0;0.0;89.09;12.5;327.67;0.0;0.0;0.0;0.0;1.06E-6
137611;1443.0;-4.7;0.0;0.8;18880.0;90.0;0.0;92.16;11.0;327.67;0.0;0.0;0.0;0.0;1.18E-6
138541;1438.0;-4.7;0.0;0.8;18150.0;88.0;0.0;91.38;11.0;327.67;0.0;0.0;0.0;0.0;1.18E-6
139500;1466.0;-3.9;0.0;0.8;18190.0;87.0;0.0;90.06;12.5;327.67;0.0;0.0;0.0;0.0;1.36E-6
140432;1489.0;-3.9;0.0;0.8;18060.0;87.0;0.0;90.0;12.5;327.67;0.0;0.0;0.0;0.0;1.36E-6
141421;1512.0;-0.8;0.0;0.8;19660.0;96.0;12.2;97.25;8.0;327.67;0.0;0.0;0.0;0.0;1.36E-6
142356;1530.0;0.8;0.0;0.8;18590.0;60.0;3.9;78.59;21.5;197.98;0.0;0.0;0.0;0.0;1.58E-6
143339;1527.0;-7.0;0.0;0.0;15810.0;60.0;3.9;78.59;20.0;217.84;0.0;0.0;0.0;0.0;1.58E-6
144269;1502.0;-8.6;0.0;0.0;12570.0;41.0;0.0;78.59;4.5;90.33;0.0;0.0;0.0;0.0;6.2E-7
145231;1460.0;-14.8;0.0;-4.7;10010.0;18.0;0.0;78.59;-16.0;78.57;0.0;0.0;0.0;0.0;6.2E-7
146160;1406.0;0.0;0.0;-4.7;9180.0;22.0;0.0;78.59;33.0;75.94;0.0;0.0;0.0;0.0;6.2E-7
147155;1324.0;0.0;0.0;-5.5;9320.0;21.0;0.0;78.59;-11.0;159.34;0.0;0.0;0.0;0.0;8.0E-8
148115;1352.0;0.0;0.0;0.8;10310.0;90.0;0.0;94.72;-1.5;327.67;0.0;0.0;0.0;0.0;8.0E-8
149071;1355.0;-0.8;0.0;0.8;14600.0;96.0;10.6;98.28;7.0;327.67;0.0;0.0;0.0;0.0;1.34E-6
150005;1396.0;-2.3;0.0;0.8;18680.0;90.0;3.9;93.16;9.5;327.67;0.0;0.0;0.0;0.0;1.34E-6
150933;1441.0;-5.5;0.0;0.8;18230.0;88.0;3.5;89.22;12.5;327.67;0.0;0.0;0.0;0.0;1.34E-6
151860;1482.0;-4.7;0.0;0.8;17740.0;85.0;3.5;88.41;13.0;327.67;0.0;0.0;0.0;0.0;1.36E-6
152850;1577.0;-0.8;0.0;0.8;20090.0;98.0;17.3;99.84;5.5;327.67;0.0;0.0;0.0;0.0;1.36E-6
153780;1584.0;0.0;0.0;0.8;19900.0;97.0;18.0;99.13;7.0;327.67;0.0;0.0;0.0;0.0;1.36E-6
154741;1636.0;0.0;0.0;0.8;19660.0;94.0;16.9;97.25;8.5;327.67;0.0;0.0;0.0;0.0;2.04E-6
155674;1695.0;0.0;0.0;0.8;19650.0;94.0;0.0;93.63;11.5;327.67;0.0;0.0;0.0;0.0;2.04E-6
156599;1719.0;-2.3;0.0;0.8;18260.0;75.0;0.0;78.63;18.0;226.3;0.0;0.0;0.0;0.0;1.84E-6
157562;1702.0;-7.0;0.0;0.8;15050.0;56.0;0.0;78.59;9.5;123.52;0.0;0.0;0.0;0.0;1.84E-6
158491;1638.0;-14.8;0.0;-1.6;11700.0;18.0;0.0;78.59;-14.5;78.95;0.0;0.0;0.0;0.0;1.84E-6
159421;1518.0;0.0;0.0;-3.1;11340.0;22.0;0.0;78.59;32.5;79.01;0.0;0.0;0.0;0.0;4.4E-7
160382;1343.0;0.0;0.0;-6.3;11470.0;22.0;0.0;78.59;33.0;80.54;0.0;0.0;0.0;0.0;4.4E-7
161312;1172.0;0.0;0.0;-9.4;11570.0;22.0;0.0;78.59;-4.0;128.19;0.0;0.0;0.0;0.0;4.0E-8
162243;1187.0;0.0;0.0;0.8;10030.0;69.0;0.0;79.41;11.0;327.67;0.0;0.0;0.0;0.0;4.0E-8
163173;1199.0;-1.6;0.0;0.8;13880.0;92.0;4.7;96.59;6.5;327.67;0.0;0.0;0.0;0.0;4.0E-8
164098;1210.0;0.0;0.0;0.8;17520.0;98.0;10.6;101.0;3.5;327.67;0.0;0.0;0.0;0.0;1.22E-6
165031;1253.0;-0.8;0.0;0.8;19730.0;104.0;12.2;113.0;0.5;327.67;0.0;0.0;0.0;0.0;1.22E-6
165990;1313.0;-2.3;0.0;0.8;20640.0;118.0;13.3;120.72;0.5;327.67;0.0;0.0;0.0;0.0;1.9E-6
166920;1361.0;-3.9;0.0;0.8;19750.0;104.0;12.9;112.06;3.0;327.67;0.0;0.0;0.0;0.0;1.9E-6
167888;1409.0;-3.1;0.0;0.8;19970.0;102.0;13.3;105.69;2.0;327.67;0.0;0.0;0.0;0.0;1.9E-6
168808;1460.0;-3.1;0.0;0.8;20100.0;102.0;10.2;91.94;12.0;327.67;0.0;0.0;0.0;0.0;2.04E-6
169740;1518.0;-7.0;0.0;0.8;17300.0;68.0;3.5;78.59;19.0;202.22;0.0;0.0;0.0;0.0;2.04E-6
170670;1462.0;-11.7;0.0;-5.5;14620.0;19.0;0.0;78.59;-9.0;81.66;0.0;0.0;0.0;0.0;7.0E-7
171603;1440.0;0.0;0.0;-4.7;12970.0;21.0;0.0;78.59;33.5;76.34;0.0;0.0;0.0;0.0;7.0E-7
172563;1356.0;0.0;0.0;-3.9;12550.0;20.0;0.0;78.59;-7.0;182.93;0.0;0.0;0.0;0.0;7.0E-7
173490;1375.0;0.0;0.0;0.8;13260.0;92.0;0.0;97.22;8.0;327.67;0.0;0.0;0.0;0.0;5.0E-7
174421;1407.0;0.0;0.0;0.8;17510.0;98.0;12.9;102.69;2.5;327.67;0.0;0.0;0.0;0.0;5.0E-7
175380;1457.0;-1.6;0.0;0.8;21450.0;115.0;14.5;138.09;3.5;327.67;0.0;0.0;0.0;0.0;5.0E-7
176310;1541.0;0.0;0.0;0.8;22990.0;136.0;18.0;137.28;0.5;327.67;0.0;0.0;0.0;0.0;2.28E-6
177239;1617.0;0.8;0.0;0.8;22840.0;137.0;21.2;136.31;1.0;327.67;0.0;0.0;0.0;0.0;2.28E-6
178200;1671.0;0.0;0.0;0.8;21050.0;97.0;21.6;101.53;7.0;327.67;0.0;0.0;0.0;0.0;3.22E-6
179133;1758.0;0.0;0.0;0.8;19590.0;94.0;19.2;97.81;9.5;327.67;0.0;0.0;0.0;0.0;3.22E-6
180059;1799.0;-2.3;0.0;0.8;19400.0;91.0;6.3;94.06;12.0;327.67;0.0;0.0;0.0;0.0;3.22E-6
181023;1842.0;-2.3;0.0;0.8;19320.0;90.0;4.7;91.25;13.0;327.67;0.0;0.0;0.0;0.0;2.18E-6
181979;1867.0;-2.3;0.0;0.8;18790.0;85.0;0.0;88.19;17.0;327.67;0.0;0.0;0.0;0.0;2.18E-6
182910;1889.0;-3.9;0.0;0.8;17530.0;78.0;0.0;81.75;15.5;327.67;0.0;0.0;0.0;0.0;1.82E-6
183838;1892.0;-4.7;0.0;0.8;15750.0;68.0;0.0;78.59;17.5;276.76;0.0;0.0;0.0;0.0;1.82E-6
184798;1906.0;-5.5;0.0;0.8;16110.0;69.0;0.0;78.63;17.0;277.61;0.0;0.0;0.0;0.0;1.82E-6
185733;1914.0;-6.3;0.0;0.8;15630.0;68.0;3.9;78.59;18.5;250.01;0.0;0.0;0.0;0.0;1.28E-6
186661;1936.0;-6.3;0.0;0.8;15680.0;58.0;0.0;78.59;21.5;207.22;0.0;0.0;0.0;0.0;1.28E-6
187625;1903.0;-7.0;0.0;0.8;11930.0;56.0;4.3;78.59;21.5;211.38;0.0;0.0;0.0;0.0;1.04E-6
188550;1884.0;-6.3;0.0;0.8;12170.0;57.0;6.7;78.59;21.5;218.22;0.0;0.0;0.0;0.0;1.04E-6
189482;1881.0;-7.0;0.0;0.8;15910.0;81.0;10.6;82.56;14.5;327.67;0.0;0.0;0.0;0.0;1.04E-6
190469;1861.0;-3.1;0.0;0.8;18560.0;88.0;0.0;89.81;12.5;327.67;0.0;0.0;0.0;0.0;1.3E-6
191491;1859.0;-2.3;0.0;0.8;17210.0;37.0;0.0;78.59;10.0;77.15;0.0;0.0;0.0;0.0;1.3E-6
192422;1735.0;0.0;0.0;0.0;14210.0;20.0;0.0;78.59;33.5;75.39;0.0;0.0;0.0;0.0;7.2E-7
193380;1603.0;0.0;0.0;-1.6;14280.0;21.0;0.0;78.59;33.0;74.56;0.0;0.0;0.0;0.0;7.2E-7
194341;1396.0;0.0;0.0;-5.5;14370.0;22.0;0.0;78.59;32.5;78.17;0.0;0.0;0.0;0.0;7.2E-7
195270;1318.0;0.0;0.0;0.0;13040.0;49.0;0.0;78.59;-2.5;327.67;0.0;0.0;0.0;0.0;1.2E-7
196234;1309.0;0.0;0.0;0.8;15910.0;98.0;0.0;100.38;5.0;327.67;0.0;0.0;0.0;0.0;1.2E-7
197192;1337.0;-0.8;0.0;0.8;19510.0;98.0;0.0;101.0;5.0;327.67;0.0;0.0;0.0;0.0;1.74E-6
198150;1393.0;-0.8;0.0;0.8;19550.0;98.0;0.0;99.0;4.0;327.67;0.0;0.0;0.0;0.0;1.74E-6
199086;1457.0;-3.1;0.0;0.8;19670.0;96.0;0.0;99.06;5.5;327.67;0.0;0.0;0.0;0.0;1.74E-6
200011;1518.0;-3.9;0.0;0.8;18520.0;75.0;0.0;78.56;18.0;219.6;0.0;0.0;0.0;0.0;1.76E-6
200940;1578.0;-8.6;0.0;0.0;15470.0;31.0;0.0;78.53;8.0;80.43;0.0;0.0;0.0;0.0;1.76E-6
201906;1513.0;-10.9;0.0;-2.3;13000.0;18.0;0.0;78.53;33.5;74.65;0.0;0.0;0.0;0.0;4.0E-7
202832;1572.0;0.0;0.0;-2.3;12870.0;22.0;0.0;78.53;33.5;78.8;0.0;0.0;0.0;0.0;4.0E-7
203765;1495.0;0.0;0.0;-3.1;12990.0;21.0;0.0;78.53;32.5;77.68;0.0;0.0;0.0;0.0;4.0E-7
204721;1358.0;0.0;0.0;-6.3;13080.0;22.0;0.0;78.53;33.0;77.47;0.0;0.0;0.0;0.0;0.0
205651;1141.0;0.0;0.0;-10.2;13160.0;23.0;0.0;78.53;31.5;75.9;0.0;0.0;0.0;0.0;0.0
206584;913.0;0.0;0.0;-10.9;12370.0;23.0;0.0;78.53;18.5;93.98;0.0;0.0;0.0;0.0;0.0
207512;1183.0;0.0;0.0;-9.4;10970.0;21.0;0.0;78.53;-1.5;82.11;0.0;0.0;0.0;0.0;1.0E-7
208471;1275.0;0.0;0.0;0.0;9020.0;37.0;0.0;78.53;20.0;212.01;0.0;0.0;0.0;0.0;1.0E-7
209403;1591.0;-3.9;0.0;0.8;13080.0;66.0;0.0;78.56;18.5;259.32;0.0;0.0;0.0;0.0;7.0E-7
210331;1699.0;-4.7;0.0;0.8;15520.0;70.0;0.0;78.53;15.5;302.49;0.0;0.0;0.0;0.0;7.0E-7
211262;1779.0;-3.9;0.0;0.8;17390.0;77.0;0.0;79.75;15.0;327.67;0.0;0.0;0.0;0.0;7.0E-7
212221;1797.0;-2.3;0.0;0.8;19800.0;97.0;12.9;101.34;4.0;327.67;0.0;0.0;0.0;0.0;1.36E-6
213154;1432.0;-0.8;0.0;0.8;19850.0;98.0;13.3;102.94;3.5;327.67;0.0;0.0;0.0;0.0;1.36E-6
214111;1552.0;-0.8;0.0;0.8;21060.0;117.0;19.6;124.41;3.5;327.67;0.0;0.0;0.0;0.0;2.28E-6
215041;1726.0;1.6;0.0;0.8;20540.0;109.0;22.0;117.16;4.5;327.67;0.0;0.0;0.0;0.0;2.28E-6
215971;1868.0;0.0;0.0;0.8;20200.0;106.0;22.0;107.0;8.5;327.67;0.0;0.0;0.0;0.0;2.28E-6
216932;2006.0;-0.8;0.0;0.8;21250.0;119.0;8.6;127.22;6.5;327.67;0.0;0.0;0.0;0.0;2.98E-6
217862;2175.0;-1.6;0.0;0.8;22910.0;137.0;23.5;141.72;4.5;327.67;0.0;0.0;0.0;0.0;2.98E-6
218821;2355.0;-1.6;0.0;0.8;22230.0;131.0;23.5;139.13;6.5;327.67;0.0;0.0;0.0;0.0;4.3E-6
219750;2044.0;-2.3;0.0;0.8;23010.0;162.0;22.7;175.13;-2.5;327.67;0.0;0.0;0.0;0.0;4.3E-6
220680;1851.0;-0.8;0.0;0.8;22950.0;166.0;22.7;170.19;-2.0;327.67;0.0;0.0;0.0;0.0;4.3E-6
221616;1943.0;0.0;0.0;0.8;22930.0;165.0;22.7;169.69;-1.0;327.67;0.0;0.0;0.0;0.0;5.12E-6
222569;2040.0;0.0;0.0;0.8;22890.0;161.0;23.1;146.38;1.5;327.67;0.0;0.0;0.0;0.0;5.12E-6
223501;2119.0;0.0;0.0;0.8;21740.0;108.0;22.4;112.56;8.5;327.67;0.0;0.0;0.0;0.0;4.6E-6
224461;2188.0;-3.1;0.0;0.8;21080.0;117.0;23.1;120.88;7.5;327.67;0.0;0.0;0.0;0.0;4.6E-6
225423;2253.0;-3.9;0.0;0.8;20460.0;109.0;23.1;111.13;9.5;327.67;0.0;0.0;0.0;0.0;4.6E-6
226352;2315.0;-3.9;0.0;0.8;20380.0;109.0;22.4;126.09;-4.5;327.67;0.0;0.0;0.0;0.0;3.46E-6
227280;1622.0;-2.3;0.0;0.8;21960.0;128.0;18.4;135.5;2.0;327.67;0.0;0.0;0.0;0.0;3.46E-6
228242;1645.0;0.0;0.0;0.8;22060.0;129.0;18.4;135.84;2.0;327.67;0.0;0.0;0.0;0.0;3.46E-6
229170;1671.0;0.0;0.0;0.8;21970.0;129.0;19.6;134.34;3.0;327.67;0.0;0.0;0.0;0.0;3.12E-6
230103;1697.0;0.8;0.0;0.8;21900.0;129.0;20.4;132.94;2.5;327.67;0.0;0.0;0.0;0.0;3.12E-6
231067;1730.0;0.8;0.0;0.8;21950.0;130.0;21.2;113.34;5.0;327.67;0.0;0.0;0.0;0.0;3.3E-6
231990;1748.0;-0.8;0.0;0.8;20090.0;104.0;20.4;117.41;5.0;327.67;0.0;0.0;0.0;0.0;3.3E-6
232924;1772.0;0.0;0.0;0.8;20790.0;113.0;22.7;162.09;3.5;327.67;0.0;0.0;0.0;0.0;3.3E-6
233854;1807.0;-0.8;0.0;0.8;22950.0;151.0;22.7;159.91;-1.0;327.67;0.0;0.0;0.0;0.0;2.88E-6
234811;1826.0;0.0;0.0;0.8;22930.0;148.0;22.7;155.34;0.0;327.67;0.0;0.0;0.0;0.0;2.88E-6
235739;1855.0;-0.8;0.0;0.8;22980.0;149.0;22.7;149.41;0.0;327.67;0.0;0.0;0.0;0.0;4.34E-6
236669;1878.0;-0.8;0.0;0.8;22880.0;145.0;22.7;143.16;2.0;327.67;0.0;0.0;0.0;0.0;4.34E-6
237601;1893.0;0.0;0.0;0.8;22590.0;137.0;22.7;138.38;3.0;327.67;0.0;0.0;0.0;0.0;4.34E-6
238535;1909.0;0.0;0.0;0.8;22290.0;134.0;22.7;138.88;3.5;327.67;0.0;0.0;0.0;0.0;4.04E-6
239460;1908.0;-0.8;0.0;0.8;22320.0;134.0;22.7;137.97;3.5;327.67;0.0;0.0;0.0;0.0;4.04E-6
240392;1915.0;0.0;0.0;0.8;22280.0;134.0;22.7;140.81;3.0;327.67;0.0;0.0;0.0;0.0;3.86E-6
241323;1908.0;0.0;0.0;0.8;22520.0;137.0;22.7;135.38;3.0;327.67;0.0;0.0;0.0;0.0;3.86E-6
242251;1895.0;0.0;0.0;0.8;22430.0;133.0;22.4;125.28;3.5;327.67;0.0;0.0;0.0;0.0;3.86E-6
243180;1890.0;-0.8;0.0;0.8;21670.0;126.0;22.4;126.38;5.0;327.67;0.0;0.0;0.0;0.0;3.78E-6
244113;1892.0;-0.8;0.0;0.8;21490.0;124.0;22.4;124.81;5.0;327.67;0.0;0.0;0.0;0.0;3.78E-6
245130;1885.0;-4.7;0.0;0.8;18890.0;62.0;0.0;78.53;12.5;91.79;0.0;0.0;0.0;0.0;2.2E-6
246062;1809.0;0.0;0.0;0.8;16530.0;21.0;0.0;78.53;33.5;71.68;0.0;0.0;0.0;0.0;2.2E-6
247022;1728.0;0.0;0.0;0.0;16760.0;21.0;0.0;78.53;33.5;72.83;0.0;0.0;0.0;0.0;2.2E-6
247983;1639.0;0.0;0.0;-1.6;16900.0;21.0;0.0;78.53;33.5;73.95;0.0;0.0;0.0;0.0;2.0E-8
248910;1564.0;0.0;0.0;-2.3;17030.0;21.0;0.0;78.5;-5.5;148.58;0.0;0.0;0.0;0.0;2.0E-8
249841;1560.0;0.0;0.0;0.8;14420.0;71.0;0.0;79.16;6.0;200.91;0.0;0.0;0.0;0.0;2.0E-8
250771;1492.0;-7.0;0.0;-3.9;14310.0;20.0;0.0;78.53;34.5;74.84;0.0;0.0;0.0;0.0;5.6E-7
251730;1448.0;0.0;0.0;-3.9;14320.0;21.0;0.0;78.53;32.0;75.75;0.0;0.0;0.0;0.0;5.6E-7
252660;1405.0;0.0;0.0;-4.7;14490.0;22.0;0.0;78.5;32.0;81.28;0.0;0.0;0.0;0.0;4.0E-8
253593;1424.0;0.0;0.0;0.8;12740.0;53.0;0.0;82.31;-4.0;327.67;0.0;0.0;0.0;0.0;4.0E-8
254518;1404.0;2.3;0.0;0.8;16680.0;86.0;3.1;78.47;16.0;283.48;0.0;0.0;0.0;0.0;4.0E-8
255452;1448.0;0.0;0.0;0.8;18510.0;98.0;13.7;108.16;3.5;327.67;0.0;0.0;0.0;0.0;1.2E-6
256384;1458.0;-1.6;0.0;0.8;20990.0;94.0;0.0;78.47;-8.5;164.37;0.0;0.0;0.0;0.0;1.2E-6
257313;1463.0;-7.8;0.0;0.8;17920.0;54.0;0.0;91.34;-5.0;327.67;0.0;0.0;0.0;0.0;1.48E-6
258269;1475.0;-2.3;0.0;0.8;20620.0;110.0;14.5;130.38;4.5;327.67;0.0;0.0;0.0;0.0;1.48E-6
259205;1521.0;-1.6;0.0;0.8;22690.0;134.0;18.4;146.31;0.0;327.67;0.0;0.0;0.0;0.0;1.48E-6
260131;1558.0;0.0;0.0;0.8;21870.0;94.0;11.4;93.19;11.0;327.67;0.0;0.0;0.0;0.0;2.78E-6
261064;1596.0;-4.7;0.0;0.8;19030.0;88.0;3.9;90.75;15.5;327.67;0.0;0.0;0.0;0.0;2.78E-6
261992;1618.0;-5.5;0.0;0.8;16890.0;69.0;3.5;78.5;17.5;215.42;0.0;0.0;0.0;0.0;1.36E-6
262922;1581.0;-9.4;0.0;-1.6;13910.0;19.0;0.0;78.47;-3.5;172.63;0.0;0.0;0.0;0.0;1.36E-6
263850;1618.0;-3.9;1.0;0.8;14730.0;87.0;3.5;90.19;12.5;327.67;0.0;0.0;0.0;0.0;1.36E-6
264814;1639.0;-2.3;1.0;0.8;18260.0;85.0;3.5;82.06;14.0;319.19;0.0;0.0;0.0;0.0;1.06E-6
265743;1632.0;-4.7;1.0;0.0;15790.0;19.0;0.0;78.47;-17.5;77.19;0.0;0.0;0.0;0.0;1.06E-6
266703;1627.0;0.0;1.0;-1.6;14780.0;21.0;0.0;78.44;32.5;75.83;0.0;0.0;0.0;0.0;4.0E-7
267662;1607.0;0.0;1.0;-1.6;14900.0;21.0;0.0;78.44;33.5;74.99;0.0;0.0;0.0;0.0;4.0E-7
268593;1592.0;0.0;1.0;-1.6;15000.0;21.0;0.0;78.44;33.5;75.35;0.0;0.0;0.0;0.0;4.0E-7
269520;1572.0;0.0;1.0;-1.6;15080.0;21.0;0.0;78.44;33.5;75.67;0.0;0.0;0.0;0.0;0.0
270450;1560.0;0.0;1.0;-2.3;15130.0;21.0;0.0;78.44;33.5;76.45;0.0;0.0;0.0;0.0;0.0
271379;1495.0;0.0;1.0;-3.1;15180.0;22.0;0.0;78.44;33.0;77.78;0.0;0.0;0.0;0.0;0.0
272315;1421.0;0.0;1.0;-3.9;15230.0;22.0;0.0;78.44;32.5;78.25;0.0;0.0;0.0;0.0;0.0
273241;1379.0;0.0;1.0;-4.7;15260.0;22.0;0.0;78.44;33.0;77.32;0.0;0.0;0.0;0.0;0.0
274172;1359.0;0.0;1.0;-4.7;15290.0;22.0;0.0;78.44;32.5;77.85;0.0;0.0;0.0;0.0;0.0
275130;1330.0;0.0;1.0;0.0;14320.0;40.0;0.0;78.44;-2.5;327.67;0.0;0.0;0.0;0.0;0.0
276062;1355.0;0.0;1.0;0.8;17160.0;95.0;0.0;105.0;6.0;327.67;0.0;0.0;0.0;0.0;0.0
277023;1829.0;0.0;1.0;0.8;20630.0;116.0;0.0;179.97;3.5;327.67;0.0;0.0;0.0;0.0;1.42E-6
277952;2024.0;0.0;1.0;0.8;22580.0;138.0;0.0;140.0;4.0;327.67;0.0;0.0;0.0;0.0;1.42E-6
278881;2097.0;0.8;1.0;0.8;21680.0;125.0;0.0;119.38;5.5;327.67;0.0;0.0;0.0;0.0;4.0E-6
279816;2152.0;-0.8;1.0;0.8;20590.0;111.0;6.3;107.69;9.5;327.67;0.0;0.0;0.0;0.0;4.0E-6
280773;2196.0;-1.6;1.0;0.8;20500.0;85.0;3.9;85.13;12.0;327.67;0.0;0.0;0.0;0.0;4.0E-6
281732;2193.0;-3.1;1.0;0.8;19880.0;96.0;21.2;97.66;11.5;327.67;0.0;0.0;0.0;0.0;3.08E-6
282691;2226.0;-3.1;1.0;0.8;19750.0;95.0;15.7;96.13;11.5;327.67;0.0;0.0;0.0;0.0;3.08E-6
283623;2240.0;-3.9;1.0;0.8;19220.0;84.0;0.0;80.5;18.5;327.67;0.0;0.0;0.0;0.0;2.64E-6
284551;1830.0;-3.9;1.0;0.8;18600.0;85.0;3.5;88.94;12.5;327.67;0.0;0.0;0.0;0.0;2.64E-6
285481;1545.0;-3.9;1.0;0.8;17540.0;82.0;3.5;85.03;14.0;306.79;0.0;0.0;0.0;0.0;2.64E-6
286413;1525.0;-5.5;1.0;0.8;15520.0;65.0;3.5;78.44;18.5;244.88;0.0;0.0;0.0;0.0;1.3E-6
287339;1535.0;-6.3;1.0;0.8;13750.0;66.0;0.0;78.44;18.5;266.35;0.0;0.0;0.0;0.0;1.3E-6
288329;1531.0;-7.0;1.0;0.8;16580.0;75.0;0.0;78.44;15.5;305.63;0.0;0.0;0.0;0.0;9.6E-7
289264;1520.0;-6.3;1.0;0.8;16990.0;76.0;0.0;78.44;5.0;131.45;0.0;0.0;0.0;0.0;9.6E-7
290219;1458.0;-8.6;1.0;-3.9;14620.0;19.0;0.0;78.44;32.5;72.15;0.0;0.0;0.0;0.0;9.6E-7
291181;1448.0;0.0;1.0;-3.9;14570.0;22.0;0.0;78.44;32.0;77.76;0.0;0.0;0.0;0.0;3.6E-7
292140;1395.0;0.0;1.0;-4.7;14680.0;22.0;0.0;78.44;32.5;77.13;0.0;0.0;0.0;0.0;3.6E-7
293071;1353.0;0.0;1.0;-4.7;14770.0;22.0;0.0;78.44;33.0;77.17;0.0;0.0;0.0;0.0;0.0
294003;1314.0;0.0;1.0;-5.5;14830.0;22.0;0.0;78.44;32.0;78.7;0.0;0.0;0.0;0.0;0.0
294932;1277.0;0.0;1.0;-2.3;14000.0;28.0;0.0;78.44;11.0;191.3;0.0;0.0;0.0;0.0;0.0
295862;1309.0;0.0;1.0;0.8;12790.0;69.0;0.0;78.44;14.5;248.49;0.0;0.0;0.0;0.0;4.6E-7
296792;1332.0;0.0;1.0;0.8;15250.0;92.0;0.0;96.75;7.5;327.67;0.0;0.0;0.0;0.0;4.6E-7
297721;1349.0;-1.6;1.0;0.8;19340.0;97.0;0.0;99.75;6.0;327.67;0.0;0.0;0.0;0.0;4.6E-7
298654;1364.0;-0.8;1.0;0.8;19560.0;99.0;0.0;95.94;8.5;327.67;0.0;0.0;0.0;0.0;1.54E-6
299579;1363.0;-5.5;1.0;0.8;17590.0;88.0;0.0;90.56;11.0;327.67;0.0;0.0;0.0;0.0;1.54E-6
300515;1365.0;-1.6;1.0;0.8;19320.0;98.0;0.0;111.75;3.5;327.67;0.0;0.0;0.0;0.0;1.52E-6
301443;1373.0;-2.3;0.0;0.8;19830.0;99.0;0.0;110.44;4.0;327.67;0.0;0.0;0.0;0.0;1.52E-6
302372;1382.0;-3.9;0.0;0.8;20950.0;116.0;0.0;102.84;5.0;327.67;0.0;0.0;0.0;0.0;1.52E-6
303301;1393.0;-4.7;0.0;0.8;20330.0;109.0;0.0;120.88;1.0;327.67;0.0;0.0;0.0;0.0;1.98E-6
304234;1416.0;-3.1;0.0;0.8;20130.0;95.0;0.0;94.31;8.5;327.67;0.0;0.0;0.0;0.0;1.98E-6
305163;1444.0;-1.6;0.0;0.8;20580.0;110.0;14.1;137.16;3.5;327.67;0.0;0.0;0.0;0.0;2.14E-6
306093;1434.0;-3.9;0.0;0.8;19830.0;106.0;14.1;143.44;0.5;327.67;0.0;0.0;0.0;0.0;2.14E-6
307022;1480.0;-1.6;0.0;0.8;22050.0;127.0;14.5;137.75;0.5;327.67;0.0;0.0;0.0;0.0;2.14E-6
307952;1508.0;-0.8;0.0;0.8;22930.0;142.0;17.3;131.16;2.0;327.67;0.0;0.0;0.0;0.0;2.78E-6
308881;1536.0;-3.1;0.0;0.8;20940.0;91.0;5.1;93.72;10.0;327.67;0.0;0.0;0.0;0.0;2.78E-6
309843;1573.0;-4.7;0.0;0.8;19610.0;94.0;12.2;97.19;8.0;327.67;0.0;0.0;0.0;0.0;2.78E-6
310769;1555.0;-6.3;0.0;0.8;17440.0;57.0;0.0;78.44;15.0;146.1;0.0;0.0;0.0;0.0;1.9E-6
311701;1562.0;-10.9;0.0;0.0;14810.0;60.0;0.0;78.44;11.0;150.08;0.0;0.0;0.0;0.0;1.9E-6
312633;1558.0;-10.2;0.0;0.0;12000.0;39.0;3.9;78.44;24.0;162.97;0.0;0.0;0.0;0.0;6.2E-7
313592;1570.0;-10.9;0.0;0.0;8810.0;33.0;0.0;78.44;-17.5;85.54;0.0;0.0;0.0;0.0;6.2E-7
314521;1454.0;0.0;0.0;-4.7;7600.0;21.0;0.0;78.44;32.0;74.61;0.0;0.0;0.0;0.0;6.2E-7
315452;1326.0;0.0;0.0;-6.3;7790.0;22.0;0.0;78.44;33.0;75.77;0.0;0.0;0.0;0.0;2.2E-7
316380;1217.0;0.0;0.0;-7.8;7930.0;22.0;0.0;78.44;32.0;77.62;0.0;0.0;0.0;0.0;2.2E-7
317340;1098.0;0.0;0.0;-12.5;8060.0;22.0;0.0;78.44;32.0;75.03;0.0;0.0;0.0;0.0;0.0
318271;1017.0;0.0;0.0;-15.6;8180.0;23.0;0.0;78.44;31.5;78.65;0.0;0.0;0.0;0.0;0.0
319204;1312.0;0.0;0.0;-6.3;8280.0;21.0;0.0;78.44;31.0;77.93;0.0;0.0;0.0;0.0;0.0
320133;1161.0;0.0;0.0;-8.6;8360.0;23.0;0.0;78.44;32.0;77.93;0.0;0.0;0.0;0.0;0.0
321089;1052.0;0.0;0.0;-14.1;8440.0;23.0;0.0;78.44;32.0;78.76;0.0;0.0;0.0;0.0;0.0
322023;1183.0;0.0;0.0;-7.0;8520.0;22.0;0.0;78.44;33.5;78.1;0.0;0.0;0.0;0.0;0.0
322950;1400.0;0.0;0.0;-0.8;7490.0;39.0;0.0;78.44;18.0;214.89;0.0;0.0;0.0;0.0;0.0
323912;1382.0;-3.1;0.0;0.8;11930.0;78.0;3.1;92.56;8.5;327.67;0.0;0.0;0.0;0.0;0.0
324843;1416.0;-1.6;0.0;0.8;16220.0;84.0;0.0;86.53;14.0;326.68;0.0;0.0;0.0;0.0;1.06E-6
325803;1481.0;-0.8;0.0;0.8;17230.0;90.0;0.0;87.97;14.0;308.62;0.0;0.0;0.0;0.0;1.06E-6
326731;1548.0;-3.1;0.0;0.8;16440.0;74.0;0.0;78.44;16.5;288.14;0.0;0.0;0.0;0.0;1.2E-6
327661;1594.0;-3.9;0.0;0.8;16960.0;75.0;0.0;78.44;15.5;289.67;0.0;0.0;0.0;0.0;1.2E-6
328588;1622.0;-3.9;0.0;0.8;17050.0;73.0;0.0;81.69;-8.5;327.67;0.0;0.0;0.0;0.0;1.2E-6
329521;1225.0;-5.5;0.0;0.8;18040.0;91.0;0.0;92.5;7.0;327.67;0.0;0.0;0.0;0.0;1.2E-6
330453;1193.0;-5.5;0.0;0.8;17550.0;88.0;3.5;91.72;8.5;327.67;0.0;0.0;0.0;0.0;1.2E-6
331385;1209.0;-6.3;0.0;0.8;16730.0;84.0;0.0;90.13;10.5;327.67;0.0;0.0;0.0;0.0;1.2E-6
332312;1239.0;-6.3;0.0;0.8;17540.0;90.0;3.5;92.22;9.5;327.67;0.0;0.0;0.0;0.0;1.1E-6
333243;1242.0;-5.5;0.0;0.8;17460.0;87.0;0.0;89.91;11.0;327.67;0.0;0.0;0.0;0.0;1.1E-6
334204;1261.0;-6.3;0.0;0.8;16370.0;83.0;0.0;85.78;12.5;327.67;0.0;0.0;0.0;0.0;1.1E-6
335135;1288.0;-7.0;0.0;0.8;17690.0;89.0;0.0;91.44;10.5;327.67;0.0;0.0;0.0;0.0;1.1E-6
336121;1308.0;-7.0;0.0;0.8;18310.0;90.0;0.0;93.41;8.5;327.67;0.0;0.0;0.0;0.0;1.1E-6
337051;1311.0;-7.8;0.0;0.8;18250.0;90.0;0.0;92.91;9.0;327.67;0.0;0.0;0.0;0.0;1.26E-6
337983;1328.0;-9.4;0.0;0.8;18230.0;88.0;0.0;90.75;11.0;327.67;0.0;0.0;0.0;0.0;1.26E-6
338943;1349.0;-7.8;0.0;0.8;17680.0;87.0;0.0;90.47;11.0;327.67;0.0;0.0;0.0;0.0;1.22E-6
339877;1360.0;-8.6;0.0;0.8;17340.0;87.0;0.0;94.91;8.5;327.67;0.0;0.0;0.0;0.0;1.22E-6
340802;1375.0;-6.3;0.0;0.8;18160.0;88.0;3.5;89.88;6.5;327.67;0.0;0.0;0.0;0.0;1.22E-6
341759;1412.0;-6.3;0.0;0.8;18730.0;92.0;11.0;96.78;8.5;327.67;0.0;0.0;0.0;0.0;1.34E-6
342724;1425.0;-7.0;0.0;0.8;18150.0;88.0;3.5;90.97;13.5;327.67;0.0;0.0;0.0;0.0;1.34E-6
343652;1452.0;-5.5;0.0;0.8;17700.0;78.0;3.5;78.44;17.0;255.06;0.0;0.0;0.0;0.0;1.28E-6
344614;1470.0;-6.3;0.0;0.8;14870.0;64.0;0.0;78.44;13.0;115.51;0.0;0.0;0.0;0.0;1.28E-6
345540;1400.0;-8.6;0.0;-6.3;12210.0;25.0;0.0;78.44;-7.0;172.44;0.0;0.0;0.0;0.0;1.28E-6
346479;1393.0;-9.4;0.0;0.8;12530.0;74.0;3.1;91.09;12.0;327.67;0.0;0.0;0.0;0.0;5.4E-7
347404;1393.0;-3.1;0.0;0.8;16570.0;80.0;0.0;78.44;7.5;137.43;0.0;0.0;0.0;0.0;5.4E-7
348336;1345.0;-7.8;0.0;-5.5;13990.0;19.0;0.0;78.44;-11.0;77.83;0.0;0.0;0.0;0.0;6.8E-7
349260;1324.0;0.0;0.0;-6.3;12890.0;21.0;0.0;78.44;30.5;75.47;0.0;0.0;0.0;0.0;6.8E-7
350193;1286.0;0.0;0.0;-7.8;12990.0;21.0;0.0;78.44;25.5;98.64;0.0;0.0;0.0;0.0;6.8E-7
351124;1298.0;0.0;0.0;-0.8;10980.0;34.0;0.0;78.44;5.0;93.98;0.0;0.0;0.0;0.0;1.6E-7
352083;1233.0;-7.0;0.0;-6.3;8640.0;19.0;0.0;78.44;-17.5;81.73;0.0;0.0;0.0;0.0;1.6E-7
353011;1230.0;0.0;0.0;-7.0;8410.0;22.0;0.0;78.44;32.5;78.89;0.0;0.0;0.0;0.0;1.6E-7
354002;1199.0;0.0;0.0;-3.9;7480.0;24.0;0.0;78.44;17.5;153.87;0.0;0.0;0.0;0.0;1.0E-7
354964;1238.0;0.0;0.0;0.8;9080.0;56.0;0.0;78.44;14.0;251.29;0.0;0.0;0.0;0.0;1.0E-7
355892;1257.0;-5.5;0.0;0.8;13170.0;73.0;0.0;80.97;14.5;307.07;0.0;0.0;0.0;0.0;7.2E-7
356819;1272.0;-5.5;0.0;0.8;15850.0;82.0;0.0;86.78;12.5;327.67;0.0;0.0;0.0;0.0;7.2E-7
357783;1291.0;-3.1;0.0;0.8;16580.0;90.0;0.0;94.03;10.0;327.67;0.0;0.0;0.0;0.0;7.2E-7
358711;1328.0;-5.5;0.0;0.8;18620.0;92.0;4.3;94.25;8.5;327.67;0.0;0.0;0.0;0.0;1.12E-6
359643;1348.0;-6.3;0.0;0.8;19240.0;97.0;12.5;99.88;5.0;327.67;0.0;0.0;0.0;0.0;1.12E-6
360572;1384.0;-5.5;0.0;0.8;19260.0;95.0;10.6;97.59;7.5;327.67;0.0;0.0;0.0;0.0;1.58E-6
361561;1410.0;-3.9;0.0;0.8;19430.0;95.0;12.2;99.81;3.5;327.67;0.0;0.0;0.0;0.0;1.58E-6
362550;1446.0;-3.9;0.0;0.8;19660.0;96.0;0.0;99.19;5.0;327.67;0.0;0.0;0.0;0.0;1.58E-6
363483;1483.0;-3.1;0.0;0.8;19740.0;96.0;0.0;99.22;5.0;327.67;0.0;0.0;0.0;0.0;1.82E-6
364440;1523.0;-2.3;0.0;0.8;19780.0;96.0;0.0;99.13;6.0;327.67;0.0;0.0;0.0;0.0;1.82E-6
365370;1567.0;-3.1;0.0;0.8;19770.0;95.0;0.0;97.91;7.0;327.67;0.0;0.0;0.0;0.0;1.98E-6
366301;1608.0;-3.1;0.0;0.8;19650.0;95.0;0.0;96.69;9.0;327.67;0.0;0.0;0.0;0.0;1.98E-6
367293;1640.0;-2.3;0.0;0.8;19530.0;93.0;0.0;96.06;9.5;327.67;0.0;0.0;0.0;0.0;1.98E-6
368223;1684.0;-2.3;0.0;0.8;19440.0;92.0;0.0;94.94;10.5;327.67;0.0;0.0;0.0;0.0;1.98E-6
369185;1726.0;-3.1;0.0;0.8;19210.0;89.0;0.0;92.28;13.0;327.67;0.0;0.0;0.0;0.0;1.98E-6
370113;1760.0;-3.1;0.0;0.8;19140.0;89.0;0.0;91.31;14.0;327.67;0.0;0.0;0.0;0.0;1.9E-6
371044;1809.0;-3.1;0.0;0.8;19140.0;88.0;0.0;90.72;14.0;327.67;0.0;0.0;0.0;0.0;1.9E-6
372003;1840.0;-3.1;0.0;0.8;19090.0;87.0;0.0;90.53;15.0;327.67;0.0;0.0;0.0;0.0;1.9E-6
372930;1879.0;-3.1;0.0;0.8;19060.0;87.0;0.0;90.19;15.0;327.67;0.0;0.0;0.0;0.0;1.92E-6
373862;1913.0;-2.3;0.0;0.8;19020.0;87.0;0.0;90.06;15.5;327.67;0.0;0.0;0.0;0.0;1.92E-6
374793;1947.0;-2.3;0.0;0.8;19920.0;98.0;22.0;100.56;10.0;327.67;0.0;0.0;0.0;0.0;2.16E-6
375754;1981.0;-0.8;0.0;0.8;19640.0;94.0;20.0;96.19;12.0;327.67;0.0;0.0;0.0;0.0;2.16E-6
376739;2015.0;-2.3;0.0;0.8;19390.0;90.0;5.9;93.34;13.0;327.67;0.0;0.0;0.0;0.0;2.16E-6
377675;2060.0;-3.1;0.0;0.8;19350.0;90.0;5.1;91.56;14.0;327.67;0.0;0.0;0.0;0.0;2.46E-6
378631;2084.0;-3.1;0.0;0.8;19220.0;88.0;4.3;92.53;-13.5;327.67;0.0;0.0;0.0;0.0;2.46E-6
379562;1491.0;-3.9;0.0;0.8;19850.0;98.0;15.3;100.31;3.5;327.67;0.0;0.0;0.0;0.0;2.14E-6
380492;1457.0;-4.7;0.0;0.8;19580.0;96.0;14.5;98.72;5.0;327.67;0.0;0.0;0.0;0.0;2.14E-6
381453;1466.0;-5.5;0.0;0.8;19550.0;95.0;14.9;98.5;5.5;327.67;0.0;0.0;0.0;0.0;2.14E-6
382412;1476.0;-5.5;0.0;0.8;19790.0;97.0;15.3;99.31;4.5;327.67;0.0;0.0;0.0;0.0;1.84E-6
383375;1489.0;-5.5;0.0;0.8;19750.0;96.0;15.3;98.47;6.0;327.67;0.0;0.0;0.0;0.0;1.84E-6
384302;1498.0;-6.3;0.0;0.8;19590.0;95.0;12.2;98.28;5.5;327.67;-0.75;0.0;0.0;0.0;1.84E-6
385292;1514.0;-4.7;0.0;0.8;19580.0;95.0;12.2;97.75;7.5;327.67;0.0;0.0;0.0;0.0;1.84E-6
386252;1533.0;-3.9;0.0;0.8;19600.0;95.0;12.9;97.53;8.0;327.67;0.0;0.0;0.0;0.0;1.84E-6
387241;1503.0;-6.3;0.0;-0.8;18020.0;30.0;0.0;78.41;-4.0;75.52;0.0;0.0;0.0;0.0;1.58E-6
388293;1500.0;0.0;0.0;-3.1;16430.0;21.0;0.0;78.41;8.5;94.91;0.0;0.0;0.0;0.0;1.58E-6
389221;1499.0;0.0;0.0;0.8;13960.0;64.0;0.0;79.66;15.5;318.11;0.0;0.0;0.0;0.0;4.6E-7
390212;1509.0;-1.6;0.0;0.8;18100.0;85.0;0.0;87.88;13.5;327.67;0.0;0.0;0.0;0.0;4.6E-7
391171;1502.0;-4.7;0.0;0.8;15600.0;44.0;0.0;78.44;2.5;81.03;0.0;0.0;0.0;0.0;4.6E-7
392133;1435.0;0.0;0.0;-3.1;13620.0;20.0;0.0;78.44;33.0;73.97;0.0;0.0;0.0;0.0;8.6E-7
393094;1438.0;0.0;0.0;-3.9;13720.0;22.0;0.0;78.41;32.5;75.79;0.0;0.0;0.0;0.0;8.6E-7
394084;1398.0;0.0;0.0;-4.7;13840.0;22.0;0.0;78.41;32.0;77.06;0.0;0.0;0.0;0.0;0.0
395070;1301.0;0.0;0.0;-6.3;13930.0;22.0;0.0;78.44;31.5;75.96;0.0;0.0;0.0;0.0;0.0
396031;1213.0;0.0;0.0;-7.8;14000.0;22.0;0.0;78.44;31.5;76.15;0.0;0.0;0.0;0.0;0.0
396991;1120.0;0.0;0.0;-10.2;14070.0;22.0;0.0;78.41;30.5;76.96;0.0;0.0;0.0;0.0;0.0
397954;1005.0;0.0;0.0;-18.8;14120.0;23.0;0.0;78.44;32.5;74.8;0.0;0.0;0.0;0.0;0.0
398916;1163.0;0.0;0.0;-6.3;14160.0;22.0;0.0;78.44;-3.0;142.15;0.0;0.0;0.0;0.0;8.0E-8
399872;1359.0;0.0;0.0;0.8;13340.0;89.0;0.0;93.53;7.5;327.67;0.0;0.0;0.0;0.0;8.0E-8
400839;1385.0;-3.1;0.0;0.8;17710.0;95.0;0.0;102.78;5.5;327.67;0.0;0.0;0.0;0.0;8.0E-8
401793;1438.0;-1.6;0.0;0.8;20200.0;106.0;0.0;132.34;0.5;327.67;0.0;0.0;0.0;0.0;1.6E-6
402752;1500.0;-1.6;0.0;0.8;22410.0;130.0;0.0;157.78;0.5;327.67;0.0;0.0;0.0;0.0;1.6E-6
403687;1587.0;0.0;0.0;0.8;23000.0;156.0;0.0;165.28;-2.5;327.67;0.0;0.0;0.0;0.0;3.38E-6
404643;1690.0;0.8;0.0;0.8;22990.0;159.0;20.8;158.94;-2.5;327.67;0.0;0.0;0.0;0.0;3.38E-6
405631;1769.0;0.8;0.0;0.8;22970.0;148.0;23.1;156.63;-0.5;327.67;0.0;0.0;0.0;0.0;3.38E-6
406562;1876.0;0.0;0.0;0.8;22970.0;153.0;23.1;154.97;-0.5;327.67;0.0;0.0;0.0;0.0;4.62E-6
407490;1964.0;0.0;0.0;0.8;22890.0;141.0;23.1;138.53;3.5;327.67;0.0;0.0;0.0;0.0;4.62E-6
408452;2044.0;0.0;0.0;0.8;22240.0;133.0;22.7;126.88;5.0;327.67;0.0;0.0;0.0;0.0;4.3E-6
409413;2110.0;-0.8;0.0;0.8;21410.0;110.0;22.7;104.72;10.0;327.67;0.0;0.0;0.0;0.0;4.3E-6
410345;2168.0;-3.1;0.0;0.8;20020.0;101.0;22.7;103.66;11.0;327.67;0.0;0.0;0.0;0.0;4.3E-6
411272;2225.0;-3.9;0.0;0.8;20430.0;112.0;23.1;118.78;7.5;327.67;0.0;0.0;0.0;0.0;3.22E-6
412230;2268.0;-3.9;0.0;0.8;20060.0;104.0;23.1;106.38;10.0;327.67;0.0;0.0;0.0;0.0;3.22E-6
413162;2320.0;-3.9;0.0;0.8;20030.0;106.0;22.4;116.78;-8.0;327.67;0.0;0.0;0.0;0.0;3.22E-6
414121;1616.0;-2.3;0.0;0.8;21460.0;123.0;17.6;124.75;3.5;327.67;0.0;0.0;0.0;0.0;3.22E-6
415081;1632.0;-0.8;0.0;0.8;21500.0;122.0;18.4;120.31;3.5;327.67;0.0;0.0;0.0;0.0;3.22E-6
416042;1645.0;-0.8;0.0;0.8;20130.0;104.0;18.0;109.53;3.5;327.67;0.0;0.0;0.0;0.0;2.84E-6
416973;1647.0;-1.6;0.0;0.8;20160.0;103.0;18.0;106.84;4.0;327.67;0.0;0.0;0.0;0.0;2.84E-6
417903;1654.0;0.0;0.0;0.8;20000.0;100.0;17.6;103.0;5.5;327.67;0.0;0.0;0.0;0.0;2.42E-6
418865;1661.0;-1.6;0.0;0.8;20050.0;100.0;17.6;102.94;5.0;327.67;0.0;0.0;0.0;0.0;2.42E-6
419822;1651.0;-1.6;0.0;0.8;19940.0;100.0;17.6;102.78;5.0;327.67;0.0;0.0;0.0;0.0;2.42E-6
420753;1653.0;-1.6;0.0;0.8;19960.0;98.0;17.6;100.88;6.0;327.67;0.0;0.0;0.0;0.0;2.32E-6
421689;1653.0;-1.6;0.0;0.8;19870.0;98.0;17.3;97.91;8.0;327.67;0.0;0.0;0.0;0.0;2.32E-6
422612;1651.0;-3.9;0.0;0.8;19420.0;92.0;6.7;94.66;10.0;327.67;0.0;0.0;0.0;0.0;2.32E-6
423542;1647.0;-3.9;0.0;0.8;19380.0;90.0;5.1;93.25;11.0;327.67;0.0;0.0;0.0;0.0;2.04E-6
424472;1645.0;-4.7;0.0;0.8;19320.0;91.0;5.9;94.56;10.5;327.67;0.0;0.0;0.0;0.0;2.04E-6
425405;1641.0;-3.9;0.0;0.8;19300.0;91.0;5.9;94.5;10.5;327.67;0.0;0.0;0.0;0.0;1.86E-6
426332;1633.0;-3.9;0.0;0.8;19380.0;91.0;5.1;93.56;11.0;327.67;0.0;0.0;0.0;0.0;1.86E-6
427293;1630.0;-3.9;0.0;0.8;18600.0;81.0;0.0;78.69;15.0;264.62;0.0;0.0;0.0;0.0;1.86E-6
428227;1630.0;-6.3;0.0;0.8;15260.0;45.0;0.0;78.34;10.0;73.33;0.0;0.0;0.0;0.0;1.52E-6
429215;1569.0;0.0;0.0;-2.3;13660.0;21.0;0.0;78.34;34.0;72.44;0.0;0.0;0.0;0.0;1.52E-6
430233;1523.0;0.0;0.0;-3.1;13870.0;21.0;0.0;78.34;32.5;75.67;0.0;0.0;0.0;0.0;1.2E-7
431193;1483.0;0.0;0.0;-3.1;14040.0;22.0;0.0;78.34;33.5;77.83;0.0;0.0;0.0;0.0;1.2E-7
432154;1444.0;0.0;0.0;-3.9;14140.0;21.0;0.0;78.34;32.0;74.88;0.0;0.0;0.0;0.0;1.2E-7
433171;1392.0;0.0;0.0;-4.7;14240.0;22.0;0.0;78.34;33.5;74.78;0.0;0.0;0.0;0.0;0.0
434132;1346.0;0.0;0.0;-5.5;14340.0;22.0;0.0;78.34;33.5;74.82;0.0;0.0;0.0;0.0;0.0
435093;1307.0;0.0;0.0;-6.3;14420.0;22.0;0.0;78.34;31.5;76.13;0.0;0.0;0.0;0.0;0.0
436052;1257.0;0.0;0.0;-7.0;14480.0;21.0;0.0;78.34;33.0;74.33;0.0;0.0;0.0;0.0;0.0
437014;1200.0;0.0;0.0;-7.8;14540.0;22.0;0.0;78.34;32.0;78.44;0.0;0.0;0.0;0.0;0.0
438000;1157.0;0.0;0.0;-8.6;14600.0;21.0;0.0;78.34;-11.0;152.94;0.0;0.0;0.0;0.0;0.0
438959;1181.0;0.0;0.0;0.8;12820.0;71.0;0.0;84.06;9.0;327.67;0.0;0.0;0.0;0.0;0.0
439952;1171.0;-2.3;0.0;0.8;16460.0;83.0;0.0;81.44;13.0;274.13;0.0;0.0;0.0;0.0;8.4E-7
440881;1142.0;-5.5;0.0;0.0;14070.0;50.0;0.0;78.34;16.5;212.29;0.0;0.0;0.0;0.0;8.4E-7
441873;1159.0;-7.8;0.0;0.0;11860.0;47.0;0.0;78.34;17.0;188.15;0.0;0.0;0.0;0.0;5.4E-7
442836;1130.0;-8.6;0.0;-10.9;9570.0;19.0;0.0;78.34;-7.0;75.62;0.0;0.0;0.0;0.0;5.4E-7
443791;1110.0;0.0;0.0;-9.4;9130.0;22.0;0.0;78.34;31.5;78.87;0.0;0.0;0.0;0.0;5.4E-7
444782;1088.0;0.0;0.0;-10.2;9280.0;22.0;0.0;78.34;30.5;75.39;0.0;0.0;0.0;0.0;6.0E-8
445774;1078.0;0.0;0.0;-12.5;9380.0;23.0;0.0;78.34;31.5;74.92;0.0;0.0;0.0;0.0;6.0E-8
446736;1056.0;0.0;0.0;-14.8;9450.0;23.0;0.0;78.34;32.5;75.33;0.0;0.0;0.0;0.0;0.0
447662;958.0;0.0;0.0;-19.5;9530.0;23.0;0.0;78.34;32.0;78.23;0.0;0.0;0.0;0.0;0.0
448624;1109.0;0.0;0.0;-7.8;9580.0;23.0;0.0;78.34;32.0;78.99;0.0;0.0;0.0;0.0;0.0
449611;1182.0;0.0;0.0;-8.6;9640.0;22.0;0.0;78.34;32.5;77.28;0.0;0.0;0.0;0.0;0.0
450572;1150.0;0.0;0.0;-8.6;9670.0;22.0;0.0;78.34;32.0;78.34;0.0;0.0;0.0;0.0;0.0
451563;1107.0;0.0;0.0;-9.4;9720.0;23.0;0.0;78.34;32.0;77.89;0.0;0.0;0.0;0.0;0.0
452493;1081.0;0.0;0.0;-11.7;9750.0;23.0;0.0;78.34;31.5;78.95;0.0;0.0;0.0;0.0;0.0
453452;1065.0;0.0;0.0;-11.7;9770.0;23.0;0.0;78.34;32.0;78.04;0.0;0.0;0.0;0.0;0.0
454472;1010.0;0.0;0.0;-17.2;9790.0;23.0;0.0;78.34;32.0;78.21;0.0;0.0;0.0;0.0;0.0
455433;970.0;0.0;0.0;-17.2;9820.0;23.0;0.0;78.34;31.5;80.65;0.0;0.0;0.0;0.0;0.0
456393;1106.0;0.0;0.0;-14.1;9740.0;23.0;0.0;78.34;10.5;105.1;0.0;0.0;0.0;0.0;6.0E-8
457355;947.0;0.0;0.0;-10.9;7910.0;24.0;0.0;78.34;11.0;107.2;0.0;0.0;0.0;0.0;6.0E-8
458281;872.0;-7.8;0.0;-11.7;6180.0;25.0;0.0;78.34;9.5;114.43;0.0;0.0;0.0;0.0;6.0E-8
459272;849.0;-9.4;0.0;-10.9;5390.0;26.0;0.0;78.34;6.5;117.76;0.0;0.0;0.0;0.0;2.2E-7
460233;833.0;-10.2;0.0;-10.9;5370.0;26.0;0.0;78.34;7.5;121.06;0.0;0.0;0.0;0.0;2.2E-7
461191;811.0;-11.7;0.0;-10.2;5360.0;27.0;0.0;78.34;9.5;128.31;0.0;0.0;0.0;0.0;2.2E-7
462123;802.0;-11.7;0.0;-7.8;5950.0;33.0;0.0;78.34;2.5;154.85;0.0;0.0;0.0;0.0;2.2E-7
463082;833.0;-7.8;0.0;-8.6;5900.0;33.0;0.0;78.34;-1.0;171.02;0.0;0.0;0.0;0.0;2.2E-7
464011;784.0;-5.5;0.0;-5.5;7340.0;50.0;0.0;78.34;9.5;256.82;0.0;0.0;0.0;0.0;3.0E-7
464944;1003.0;-0.8;0.0;0.8;10170.0;93.0;0.0;92.0;7.5;327.67;0.0;0.0;0.0;0.0;3.0E-7
465875;1369.0;0.0;0.0;0.8;14300.0;91.0;0.0;95.75;9.5;327.67;0.0;0.0;0.0;0.0;1.36E-6
466803;1894.0;0.0;0.0;0.8;19520.0;92.0;13.3;100.41;-11.0;327.67;0.0;0.0;0.0;0.0;1.36E-6
467733;1858.0;0.8;0.0;0.8;19850.0;99.0;21.6;99.56;11.0;327.67;0.0;0.0;0.0;0.0;1.36E-6
468663;1983.0;0.0;0.0;0.8;20180.0;104.0;22.0;107.28;7.0;327.67;0.0;0.0;0.0;0.0;2.62E-6
469597;2025.0;0.0;0.0;0.8;20020.0;100.0;22.4;100.22;11.0;327.67;0.0;0.0;0.0;0.0;2.62E-6
470524;2229.0;-1.6;0.0;0.8;19850.0;95.0;18.0;94.28;11.0;327.67;0.0;0.0;0.0;0.0;2.62E-6
471450;1748.0;-3.1;0.0;0.8;18990.0;86.0;3.5;88.13;16.5;327.67;0.0;0.0;0.0;0.0;2.58E-6
472383;1385.0;-0.8;0.0;0.8;19710.0;99.0;12.5;115.59;0.5;327.67;0.0;0.0;0.0;0.0;2.58E-6
473312;1351.0;-2.3;0.0;0.8;20520.0;112.0;12.9;100.88;3.0;327.67;0.0;0.0;0.0;0.0;1.9E-6
474303;1408.0;-5.5;0.0;0.8;18840.0;92.0;5.5;93.31;10.5;327.67;0.0;0.0;0.0;0.0;1.9E-6
475234;1465.0;-6.3;0.0;0.8;17900.0;82.0;3.1;80.31;15.0;300.56;0.0;0.0;0.0;0.0;1.9E-6
476163;1498.0;-7.8;0.0;0.8;16040.0;67.0;3.5;78.34;20.0;197.6;0.0;0.0;0.0;0.0;1.32E-6
477213;1508.0;-7.0;0.0;0.0;13140.0;62.0;0.0;78.34;20.0;243.49;0.0;0.0;0.0;0.0;1.32E-6
478145;1507.0;-8.6;0.0;0.8;15460.0;73.0;0.0;78.34;17.0;283.16;0.0;0.0;0.0;0.0;8.2E-7
479076;1521.0;-7.0;0.0;0.8;15890.0;72.0;0.0;78.34;17.0;272.1;0.0;0.0;0.0;0.0;8.2E-7
480033;1526.0;-7.0;0.0;0.8;16990.0;81.0;3.5;85.19;14.0;327.67;0.0;0.0;0.0;0.0;8.2E-7
480963;1537.0;-4.7;0.0;0.8;17370.0;83.0;9.8;88.75;12.5;327.67;0.0;0.0;0.0;0.0;1.1E-6
481924;1558.0;-2.3;0.0;0.8;18070.0;85.0;17.3;88.84;12.5;327.67;0.0;0.0;0.0;0.0;1.1E-6
482884;1574.0;-1.6;0.0;0.8;18330.0;84.0;3.1;84.63;14.0;312.79;0.0;0.0;0.0;0.0;1.42E-6
483843;1573.0;-3.9;0.0;0.8;17170.0;92.0;0.0;90.41;12.5;327.67;0.0;0.0;0.0;0.0;1.42E-6
484771;1579.0;-2.3;0.0;0.8;18280.0;86.0;0.0;87.28;13.0;327.67;0.0;0.0;0.0;0.0;1.42E-6
485704;1581.0;-3.9;0.0;0.8;17320.0;80.0;0.0;81.88;14.5;301.88;0.0;0.0;0.0;0.0;1.4E-6
486664;1582.0;-4.7;0.0;0.8;17040.0;77.0;0.0;79.81;15.0;303.04;0.0;0.0;0.0;0.0;1.4E-6
487590;1582.0;-5.5;0.0;0.8;16880.0;75.0;0.0;78.34;15.5;300.05;0.0;0.0;0.0;0.0;1.2E-6
488556;1588.0;-6.3;0.0;0.8;17690.0;81.0;3.9;92.5;11.0;327.67;0.0;0.0;0.0;0.0;1.2E-6
489512;1608.0;-0.8;0.0;0.8;19480.0;92.0;0.0;94.56;10.0;327.67;0.0;0.0;0.0;0.0;1.2E-6
490473;1626.0;-3.1;0.0;0.8;17920.0;74.0;0.0;78.34;15.5;268.14;0.0;0.0;0.0;0.0;1.64E-6
491403;1699.0;-6.3;0.0;0.8;18490.0;84.0;0.0;87.5;13.0;327.67;0.0;0.0;0.0;0.0;1.64E-6
492393;1707.0;-3.1;0.0;0.8;18880.0;88.0;0.0;93.03;10.5;327.67;0.0;0.0;0.0;0.0;1.58E-6
493322;1778.0;-0.8;0.0;0.8;19550.0;89.0;3.9;86.84;18.0;327.67;0.0;0.0;0.0;0.0;1.58E-6
494253;1807.0;-3.9;0.0;0.8;17420.0;78.0;8.6;81.44;14.5;327.67;0.0;0.0;0.0;0.0;1.58E-6
495211;1852.0;-3.9;0.0;0.8;17420.0;76.0;11.8;79.0;15.0;325.23;0.0;0.0;0.0;0.0;1.68E-6
496142;1889.0;-3.1;0.0;0.8;17390.0;76.0;16.1;79.72;15.5;298.85;0.0;0.0;0.0;0.0;1.68E-6
497076;1915.0;-3.1;0.0;0.8;16460.0;70.0;15.3;78.34;17.0;292.51;0.0;0.0;0.0;0.0;1.42E-6
498029;1941.0;-3.9;0.0;0.8;16300.0;70.0;14.9;78.34;21.0;180.96;0.0;0.0;0.0;0.0;1.42E-6
498997;1974.0;-5.5;0.0;0.8;12960.0;45.0;8.6;78.34;26.0;162.52;0.0;0.0;0.0;0.0;1.42E-6
499921;1948.0;-6.3;0.0;0.8;9060.0;46.0;9.0;78.34;-1.0;169.41;0.0;0.0;0.0;0.0;8.4E-7
500851;1330.0;-6.3;0.0;0.0;11090.0;60.0;0.0;78.34;18.5;217.61;0.0;0.0;0.0;0.0;8.4E-7
501813;1332.0;-7.8;0.0;0.0;11290.0;60.0;0.0;78.34;18.5;213.35;0.0;0.0;0.0;0.0;8.4E-7
502741;1326.0;-8.6;0.0;0.0;10080.0;34.0;0.0;78.34;2.0;88.62;0.0;0.0;0.0;0.0;6.6E-7
503673;1255.0;0.0;0.0;-6.3;8520.0;19.0;0.0;78.34;34.5;80.1;0.0;0.0;0.0;0.0;6.6E-7
504629;1223.0;0.0;0.0;-7.8;8490.0;21.0;0.0;78.34;32.5;75.33;0.0;0.0;0.0;0.0;1.6E-7
505563;1157.0;0.0;0.0;-8.6;8620.0;22.0;0.0;78.34;30.5;77.21;0.0;0.0;0.0;0.0;1.6E-7
506523;1085.0;0.0;0.0;-12.5;8710.0;22.0;0.0;78.34;31.0;74.86;0.0;0.0;0.0;0.0;1.6E-7
507483;1031.0;0.0;0.0;-12.5;8500.0;35.0;0.0;78.34;-11.5;224.45;0.0;0.0;0.0;0.0;0.0
508414;1474.0;0.0;0.0;0.8;11320.0;88.0;0.0;90.41;9.5;327.67;0.0;0.0;0.0;0.0;0.0
509343;1527.0;-0.8;0.0;0.8;15860.0;78.0;0.0;78.34;15.5;281.17;0.0;0.0;0.0;0.0;1.2E-6
510275;1538.0;-4.7;0.0;0.8;16670.0;76.0;0.0;80.06;15.0;303.3;0.0;0.0;0.0;0.0;1.2E-6
511202;1548.0;-4.7;0.0;0.8;18430.0;94.0;0.0;91.28;12.5;305.78;0.0;0.0;0.0;0.0;1.2E-6
512162;1536.0;-7.8;0.0;-3.1;17010.0;19.0;0.0;78.34;-5.5;75.35;0.0;0.0;0.0;0.0;1.12E-6
513151;1503.0;0.0;0.0;-2.3;14650.0;22.0;0.0;78.34;-0.5;183.63;0.0;0.0;0.0;0.0;1.12E-6
514083;1492.0;0.0;0.0;0.8;13530.0;68.0;0.0;78.34;18.0;257.01;0.0;0.0;0.0;0.0;5.4E-7
515013;1498.0;-4.7;0.0;0.8;14480.0;70.0;0.0;78.34;18.0;257.73;0.0;0.0;0.0;0.0;5.4E-7
515946;1509.0;-6.3;0.0;0.8;14840.0;69.0;0.0;78.34;17.5;257.66;0.0;0.0;0.0;0.0;5.4E-7
516875;1514.0;-6.3;0.0;0.8;14850.0;70.0;0.0;78.34;19.5;228.01;0.0;0.0;0.0;0.0;9.2E-7
517834;1516.0;-6.3;0.0;0.8;13260.0;64.0;0.0;78.34;20.0;235.71;0.0;0.0;0.0;0.0;9.2E-7
518764;1521.0;-7.0;0.0;0.8;13210.0;64.0;4.3;78.34;19.5;227.25;0.0;0.0;0.0;0.0;8.2E-7
519784;1531.0;-7.0;0.0;0.8;13150.0;64.0;5.9;78.34;20.0;230.05;0.0;0.0;0.0;0.0;8.2E-7
520714;1542.0;-6.3;0.0;0.8;13290.0;63.0;7.8;78.34;19.5;226.34;0.0;0.0;0.0;0.0;8.2E-7
521673;1543.0;-5.5;0.0;-0.8;12580.0;24.0;0.0;78.34;7.0;77.57;0.0;0.0;0.0;0.0;7.6E-7
522605;1484.0;0.0;0.0;-3.1;10050.0;20.0;0.0;78.34;-3.0;76.26;0.0;0.0;0.0;0.0;7.6E-7
523565;1493.0;0.0;0.0;-3.1;7450.0;19.0;0.0;78.34;32.5;79.97;0.0;0.0;0.0;0.0;2.4E-7
524493;1475.0;-14.1;0.0;-1.6;6540.0;32.0;4.7;78.34;12.5;105.53;0.0;0.0;0.0;0.0;2.4E-7
525452;1440.0;-12.5;0.0;-4.7;5400.0;19.0;0.0;78.34;-17.5;74.2;0.0;0.0;0.0;0.0;2.4E-7
526385;1434.0;0.0;0.0;-3.9;5220.0;22.0;0.0;78.34;32.5;75.16;0.0;0.0;0.0;0.0;2.0E-7
527314;1415.0;0.0;0.0;-3.9;5330.0;22.0;0.0;78.34;32.5;80.41;0.0;0.0;0.0;0.0;2.0E-7
528243;1392.0;0.0;0.0;-4.7;5440.0;22.0;0.0;78.34;32.0;78.46;0.0;0.0;0.0;0.0;2.0E-7
529204;1371.0;0.0;0.0;-4.7;5520.0;22.0;0.0;78.34;32.0;79.37;0.0;0.0;0.0;0.0;0.0
530134;1357.0;0.0;0.0;-4.7;5590.0;22.0;0.0;78.34;33.0;77.02;0.0;0.0;0.0;0.0;0.0
531063;1343.0;0.0;0.0;-5.5;5650.0;22.0;0.0;78.34;32.5;78.91;0.0;0.0;0.0;0.0;0.0
531993;1335.0;0.0;0.0;-5.5;5700.0;22.0;0.0;78.34;33.0;79.29;0.0;0.0;0.0;0.0;0.0
532952;1312.0;0.0;0.0;-5.5;5750.0;22.0;0.0;78.34;32.0;79.29;0.0;0.0;0.0;0.0;0.0
533886;1273.0;0.0;0.0;-6.3;5800.0;22.0;0.0;78.34;32.0;79.99;0.0;0.0;0.0;0.0;0.0
534814;1268.0;0.0;0.0;-2.3;6140.0;28.0;0.0;78.34;-6.5;205.04;0.0;0.0;0.0;0.0;0.0
535744;1435.0;0.0;0.0;0.8;10580.0;99.0;0.0;194.0;9.0;327.67;0.0;0.0;0.0;0.0;9.8E-7
536674;1961.0;-1.6;0.0;0.8;14270.0;24.0;0.0;78.34;-7.0;78.76;0.0;0.0;0.0;0.0;9.8E-7
537606;1802.0;0.0;0.0;0.8;12930.0;21.0;0.0;78.34;34.0;75.98;0.0;0.0;0.0;0.0;9.8E-7
538533;1648.0;0.0;0.0;0.0;13010.0;22.0;0.0;78.34;34.5;79.46;0.0;0.0;0.0;0.0;4.8E-7
539492;1621.0;0.0;0.0;-1.6;13010.0;21.0;0.0;78.34;33.5;80.67;0.0;0.0;0.0;0.0;4.8E-7
540456;1545.0;0.0;0.0;-3.1;13040.0;21.0;0.0;78.34;33.5;77.59;0.0;0.0;0.0;0.0;0.0
541388;1526.0;0.0;0.0;-3.1;13040.0;22.0;0.0;78.34;33.5;78.72;0.0;0.0;0.0;0.0;0.0
542344;1553.0;0.0;0.0;0.0;11440.0;44.0;0.0;78.34;5.0;235.01;0.0;0.0;0.0;0.0;0.0
543273;1614.0;-0.8;0.0;0.8;14940.0;69.0;0.0;78.34;16.5;213.52;0.0;0.0;0.0;0.0;5.6E-7
544201;1593.0;-6.3;0.0;-3.1;12550.0;19.0;0.0;78.34;-10.0;85.1;0.0;0.0;0.0;0.0;5.6E-7
545134;1317.0;0.0;0.0;-6.3;10730.0;21.0;0.0;78.34;33.5;79.35;0.0;0.0;0.0;0.0;3.4E-7
546064;1126.0;0.0;0.0;-8.6;10830.0;22.0;0.0;78.34;30.5;79.54;0.0;0.0;0.0;0.0;3.4E-7
546994;1112.0;0.0;0.0;-9.4;10890.0;22.0;0.0;78.34;31.0;81.39;0.0;0.0;0.0;0.0;3.4E-7
547924;1085.0;0.0;0.0;-11.7;10920.0;23.0;0.0;78.34;30.5;79.12;0.0;0.0;0.0;0.0;0.0
548854;1076.0;0.0;0.0;-11.7;10950.0;22.0;0.0;78.34;2.0;120.0;0.0;0.0;0.0;0.0;0.0
549784;1093.0;0.0;0.0;0.0;9060.0;42.0;0.0;78.34;12.0;234.08;0.0;0.0;0.0;0.0;0.0
550715;1096.0;-3.9;0.0;0.0;11990.0;79.0;0.0;83.41;9.5;316.95;0.0;0.0;0.0;0.0;3.6E-7
551642;1118.0;-2.3;0.0;0.8;15240.0;81.0;0.0;84.25;11.5;318.85;0.0;0.0;0.0;0.0;3.6E-7
552603;1141.0;-3.9;0.0;0.0;14320.0;44.0;0.0;78.34;-2.0;105.66;0.0;0.0;0.0;0.0;8.6E-7
553566;1124.0;-10.2;0.0;-9.4;12940.0;19.0;0.0;78.34;-16.0;79.52;0.0;0.0;0.0;0.0;8.6E-7
554526;1088.0;0.0;0.0;-11.7;12840.0;23.0;0.0;78.34;31.5;79.18;0.0;0.0;0.0;0.0;8.6E-7
555456;1053.0;0.0;0.0;-13.3;12880.0;23.0;0.0;78.38;30.5;89.65;0.0;0.0;0.0;0.0;6.0E-8
556382;1048.0;0.0;0.0;-3.1;11510.0;42.0;0.0;78.38;6.0;245.54;0.0;0.0;0.0;0.0;6.0E-8
557313;1046.0;0.0;0.0;0.8;12900.0;93.0;0.0;78.34;-13.5;165.74;0.0;0.0;0.0;0.0;5.6E-7
558275;1423.0;0.0;0.0;-4.7;11910.0;18.0;0.0;78.34;-12.5;85.75;0.0;0.0;0.0;0.0;5.6E-7
559232;1368.0;0.0;0.0;-5.5;9830.0;20.0;0.0;78.34;33.0;80.62;0.0;0.0;0.0;0.0;5.6E-7
560163;1298.0;0.0;0.0;-5.5;9930.0;22.0;0.0;78.38;20.0;112.84;0.0;0.0;0.0;0.0;1.4E-7
561094;1274.0;0.0;0.0;0.8;9590.0;59.0;0.0;92.59;1.5;327.67;0.0;0.0;0.0;0.0;1.4E-7
562022;1302.0;1.6;0.0;0.8;13720.0;95.0;0.0;97.53;7.0;327.67;0.0;0.0;0.0;0.0;1.14E-6
562985;1379.0;-1.6;0.0;0.8;17720.0;95.0;0.0;97.44;8.0;327.67;0.0;0.0;0.0;0.0;1.14E-6
563912;1471.0;0.0;0.0;0.8;20080.0;100.0;0.0;99.5;6.5;327.67;0.0;0.0;0.0;0.0;1.14E-6
564843;1549.0;-3.9;0.0;0.8;18670.0;87.0;3.5;90.31;15.0;327.67;0.0;0.0;0.0;0.0;1.76E-6
565773;1660.0;0.0;0.0;0.8;20100.0;99.0;0.0;99.13;8.0;327.67;0.0;0.0;0.0;0.0;1.76E-6
566702;1709.0;0.0;0.0;0.8;19520.0;93.0;0.0;95.06;10.5;327.67;0.0;0.0;0.0;0.0;2.06E-6
567631;1792.0;-1.6;0.0;0.8;18430.0;85.0;3.5;87.72;17.0;327.67;0.0;0.0;0.0;0.0;2.06E-6
568565;1768.0;-5.5;0.0;0.8;17070.0;74.0;0.0;78.34;18.0;221.34;0.0;0.0;0.0;0.0;2.06E-6
569494;1289.0;-7.0;0.0;0.8;14370.0;65.0;0.0;78.38;17.5;264.57;0.0;0.0;0.0;0.0;1.16E-6
570426;1312.0;-8.6;0.0;0.8;15860.0;84.0;0.0;86.72;14.0;327.08;0.0;0.0;0.0;0.0;1.16E-6
571355;1309.0;-6.3;0.0;0.8;16170.0;82.0;3.1;84.81;14.0;327.67;0.0;0.0;0.0;0.0;1.16E-6
572315;1330.0;-5.5;0.0;0.8;18340.0;90.0;0.0;92.41;10.0;327.67;0.0;0.0;0.0;0.0;1.04E-6
573272;1345.0;-7.0;0.0;0.8;18260.0;89.0;0.0;91.94;10.0;327.67;0.0;0.0;0.0;0.0;1.04E-6
574233;1350.0;-7.8;0.0;0.0;16950.0;46.0;0.0;78.38;21.0;172.61;0.0;0.0;0.0;0.0;1.1E-6
575163;1351.0;-11.7;0.0;0.0;14340.0;51.0;0.0;78.34;2.5;268.2;0.0;0.0;0.0;0.0;1.1E-6
576123;1356.0;-9.4;0.0;0.8;16390.0;80.0;0.0;84.22;14.0;311.37;0.0;0.0;0.0;0.0;1.1E-6
577052;1358.0;-7.0;0.0;0.8;16370.0;81.0;0.0;84.31;14.0;308.55;0.0;0.0;0.0;0.0;8.2E-7
577982;1378.0;-6.3;0.0;0.8;16520.0;81.0;0.0;83.66;14.0;313.07;0.0;0.0;0.0;0.0;8.2E-7
578913;1417.0;-6.3;0.0;0.8;18000.0;87.0;0.0;89.72;12.5;327.67;0.0;0.0;0.0;0.0;1.1E-6
579844;1629.0;-1.6;0.0;0.8;20150.0;109.0;0.0;191.88;7.0;327.67;0.0;0.0;0.0;0.0;1.1E-6
580777;2219.0;-2.3;0.0;0.8;23020.0;177.0;0.0;204.66;-2.5;327.67;0.0;0.0;0.0;0.0;1.1E-6
581736;2507.0;0.8;0.0;0.8;22980.0;220.0;0.0;217.25;-4.5;327.67;0.0;0.0;0.0;0.0;5.46E-6
582721;2835.0;1.6;0.0;0.8;22970.0;216.0;0.0;199.94;-1.0;327.67;0.0;0.0;0.0;0.0;5.46E-6
583660;3171.0;1.6;0.0;0.8;22830.0;180.0;0.0;170.53;3.5;327.67;0.0;0.0;0.0;0.0;1.0E-5
584582;2496.0;0.0;0.0;0.8;22900.0;205.0;0.0;206.34;-2.5;327.67;0.0;0.0;0.0;0.0;1.0E-5
585512;2527.0;0.8;0.0;0.8;22880.0;200.0;0.0;193.5;-0.5;327.67;0.0;0.0;0.0;0.0;1.0E-5
586473;2640.0;0.8;0.0;0.8;22850.0;175.0;0.0;156.91;2.5;327.67;0.0;0.0;0.0;0.0;8.14E-6
587434;2707.0;0.0;0.0;0.8;22870.0;149.0;0.0;177.91;-1.5;327.67;0.0;0.0;0.0;0.0;8.14E-6
588395;1916.0;-1.6;0.0;0.8;22950.0;169.0;0.0;175.38;-1.5;327.67;0.0;0.0;0.0;0.0;5.6E-6
589325;1935.0;-0.8;0.0;0.8;22890.0;147.0;23.5;170.69;-1.0;327.67;0.0;0.0;0.0;0.0;5.6E-6
590257;1965.0;-1.6;0.0;0.8;22850.0;161.0;0.0;167.78;-1.0;327.67;0.0;0.0;0.0;0.0;5.6E-6
591185;1991.0;-0.8;0.0;0.8;22840.0;162.0;23.1;165.91;-1.0;327.67;0.0;0.0;0.0;0.0;4.96E-6
592114;2011.0;-0.8;0.0;0.8;22860.0;165.0;23.5;179.16;-1.5;327.67;0.0;0.0;0.0;0.0;4.96E-6
593074;2045.0;-0.8;0.0;0.8;22940.0;176.0;23.5;173.28;-1.0;327.67;0.0;0.0;0.0;0.0;5.54E-6
594004;2069.0;-0.8;0.0;0.8;22880.0;162.0;23.5;142.63;1.5;327.67;0.0;0.0;0.0;0.0;5.54E-6
594963;2085.0;-2.3;0.0;0.8;20880.0;88.0;0.0;91.75;14.0;327.67;0.0;0.0;0.0;0.0;5.54E-6
595895;1812.0;-4.7;0.0;0.8;17970.0;83.0;3.5;88.47;12.5;320.15;0.0;0.0;0.0;0.0;3.04E-6
596854;1561.0;-8.6;0.0;0.8;16920.0;90.0;0.0;94.41;9.5;327.67;0.0;0.0;0.0;0.0;3.04E-6
597812;1568.0;-3.9;0.0;0.8;20350.0;105.0;0.0;119.06;1.5;327.67;0.0;0.0;0.0;0.0;3.04E-6
598775;1582.0;-2.3;0.0;0.8;21450.0;124.0;0.0;132.0;3.0;327.67;0.0;0.0;0.0;0.0;1.92E-6
599764;1600.0;-0.8;0.0;0.8;22510.0;133.0;17.3;122.22;2.0;327.67;0.0;0.0;0.0;0.0;1.92E-6
600693;1615.0;0.0;0.0;0.8;21310.0;121.0;18.0;142.84;3.0;327.67;0.0;0.0;0.0;0.0;3.06E-6
601627;1639.0;0.0;0.0;0.8;22370.0;132.0;18.8;139.34;2.0;327.67;0.0;0.0;0.0;0.0;3.06E-6
602552;1651.0;0.0;0.0;0.8;21370.0;91.0;0.0;94.22;8.0;327.67;0.0;0.0;0.0;0.0;3.06E-6
603516;1673.0;-0.8;0.0;0.8;21320.0;119.0;0.0;121.34;4.5;327.67;0.0;0.0;0.0;0.0;2.94E-6
604443;1684.0;-0.8;0.0;0.8;20870.0;118.0;19.2;120.66;4.5;327.67;0.0;0.0;0.0;0.0;2.94E-6
605405;1695.0;-0.8;0.0;0.8;20870.0;118.0;20.0;119.59;5.0;327.67;0.0;0.0;0.0;0.0;2.88E-6
606335;1703.0;-0.8;0.0;0.8;20570.0;115.0;20.0;116.91;5.0;327.67;0.0;0.0;0.0;0.0;2.88E-6
607293;1716.0;-0.8;0.0;0.8;20510.0;109.0;0.0;111.75;3.5;327.67;0.0;0.0;0.0;0.0;2.88E-6
608224;1732.0;-0.8;0.0;0.8;20520.0;109.0;20.8;111.06;4.5;327.67;0.0;0.0;0.0;0.0;2.78E-6
609153;1743.0;0.0;0.0;0.8;20390.0;108.0;20.8;110.0;4.5;327.67;0.0;0.0;0.0;0.0;2.78E-6
610144;1753.0;0.0;0.0;0.8;20310.0;107.0;21.6;110.13;4.5;327.67;0.0;0.0;0.0;0.0;2.7E-6
611104;1765.0;0.0;0.0;0.8;20340.0;107.0;21.6;109.53;5.0;327.67;0.0;0.0;0.0;0.0;2.7E-6
612066;1773.0;0.0;0.0;0.8;20300.0;106.0;0.0;109.16;5.0;327.67;0.0;0.0;0.0;0.0;2.7E-6
612992;1776.0;0.0;0.0;0.8;20260.0;107.0;21.6;109.31;5.0;327.67;0.0;0.0;0.0;0.0;2.7E-6
613954;1781.0;0.0;0.0;0.8;20240.0;106.0;21.6;109.34;5.0;327.67;0.0;0.0;0.0;0.0;2.7E-6
614917;1782.0;0.0;0.0;0.8;20240.0;106.0;21.6;109.06;5.0;327.67;0.0;0.0;0.0;0.0;2.74E-6
615847;1786.0;0.0;0.0;0.8;20240.0;106.0;21.6;108.66;5.0;327.67;0.0;0.0;0.0;0.0;2.74E-6
616805;1788.0;0.0;0.0;0.8;20270.0;106.0;21.6;108.78;5.5;327.67;0.0;0.0;0.0;0.0;2.74E-6
617795;1793.0;0.0;0.0;0.8;20260.0;106.0;21.6;108.84;5.5;327.67;0.0;0.0;0.0;0.0;2.72E-6
618722;1791.0;0.0;0.0;0.8;20220.0;106.0;21.6;108.94;5.5;327.67;0.0;0.0;0.0;0.0;2.72E-6
619683;1789.0;0.0;0.0;0.8;20220.0;106.0;21.6;108.69;5.0;327.67;0.0;0.0;0.0;0.0;2.72E-6
620614;1791.0;0.0;0.0;0.8;20260.0;106.0;21.6;108.75;5.0;327.67;0.0;0.0;0.0;0.0;2.72E-6
621605;1787.0;0.0;0.0;0.8;20170.0;106.0;21.6;108.78;5.5;327.67;0.0;0.0;0.0;0.0;2.72E-6
622535;1791.0;0.0;0.0;0.8;20280.0;106.0;21.6;108.69;5.5;327.67;0.0;0.0;0.0;0.0;2.74E-6
623490;1798.0;0.0;0.0;0.8;20190.0;98.0;21.2;100.94;8.0;327.67;0.0;0.0;0.0;0.0;2.74E-6
624425;1796.0;-1.6;0.0;0.8;19870.0;97.0;20.8;100.72;8.0;327.67;0.0;0.0;0.0;0.0;2.56E-6
625356;1805.0;-1.6;0.0;0.8;19810.0;96.0;20.8;99.53;8.5;327.67;0.0;0.0;0.0;0.0;2.56E-6
626317;1811.0;-1.6;0.0;0.8;19800.0;96.0;20.4;99.38;8.5;327.67;0.0;0.0;0.0;0.0;2.56E-6
627275;1813.0;-2.3;0.0;0.8;19770.0;97.0;20.4;99.72;8.5;327.67;0.0;0.0;0.0;0.0;2.4E-6
628208;1818.0;-2.3;0.0;0.8;19760.0;97.0;20.4;99.44;8.5;327.67;0.0;0.0;0.0;0.0;2.4E-6
629136;1819.0;-2.3;0.0;0.8;19760.0;96.0;20.4;99.34;8.5;327.67;0.0;0.0;0.0;0.0;2.38E-6
630066;1814.0;-1.6;0.0;0.8;19800.0;96.0;20.4;99.38;8.5;327.67;0.0;0.0;0.0;0.0;2.38E-6
630994;1814.0;-1.6;0.0;0.8;19790.0;96.0;20.4;99.28;8.5;327.67;0.0;0.0;0.0;0.0;2.38E-6
631925;1811.0;-1.6;0.0;0.8;19760.0;97.0;20.4;99.31;8.5;327.67;0.0;0.0;0.0;0.0;2.4E-6
632855;1812.0;-1.6;0.0;0.8;19800.0;97.0;20.4;99.63;8.5;327.67;0.0;0.0;0.0;0.0;2.4E-6
633786;1804.0;-1.6;0.0;0.8;19810.0;96.0;20.4;99.72;8.5;327.67;0.0;0.0;0.0;0.0;2.4E-6
634711;1803.0;-2.3;0.0;0.8;19790.0;97.0;20.4;99.78;8.5;327.67;0.0;0.0;0.0;0.0;2.38E-6
635677;1796.0;-1.6;0.0;0.8;19790.0;97.0;20.4;99.66;8.5;327.67;0.0;0.0;0.0;0.0;2.38E-6
636605;1803.0;-0.8;0.0;0.8;20150.0;102.0;21.6;104.13;7.0;327.67;0.0;0.0;0.0;0.0;2.48E-6
637535;1792.0;-1.6;0.0;0.8;20010.0;101.0;21.6;103.84;7.0;327.67;0.0;0.0;0.0;0.0;2.48E-6
638466;1790.0;-1.6;0.0;0.8;20020.0;101.0;21.6;104.13;6.5;327.67;0.0;0.0;0.0;0.0;2.48E-6
639430;1791.0;-1.6;0.0;0.8;20020.0;101.0;21.6;104.28;6.5;327.67;0.0;0.0;0.0;0.0;2.56E-6
640352;1789.0;-0.8;0.0;0.8;19980.0;101.0;21.6;104.41;6.5;327.67;0.0;0.0;0.0;0.0;2.56E-6
641314;1789.0;-0.8;0.0;0.8;19980.0;101.0;21.6;104.25;6.5;327.67;0.0;0.0;0.0;0.0;2.54E-6
642247;1793.0;-0.8;0.0;0.8;20030.0;101.0;21.6;104.22;6.5;327.67;0.0;0.0;0.0;0.0;2.54E-6
643176;1793.0;-0.8;0.0;0.8;20070.0;101.0;21.6;104.13;6.5;327.67;0.0;0.0;0.0;0.0;2.54E-6
644104;1793.0;-0.8;0.0;0.8;20070.0;101.0;21.6;104.06;7.0;327.67;0.0;0.0;0.0;0.0;2.56E-6
645035;1793.0;-0.8;0.0;0.8;20030.0;101.0;21.6;104.16;7.0;327.67;0.0;0.0;0.0;0.0;2.56E-6
645964;1797.0;-0.8;0.0;0.8;20030.0;101.0;21.6;104.13;7.0;327.67;0.0;0.0;0.0;0.0;2.56E-6
646894;1797.0;-0.8;0.0;0.8;20060.0;101.0;21.6;104.13;7.0;327.67;0.0;0.0;0.0;0.0;2.56E-6
647853;1796.0;-0.8;0.0;0.8;20050.0;101.0;21.6;103.88;7.0;327.67;0.0;0.0;0.0;0.0;2.56E-6
648783;1795.0;-0.8;0.0;0.8;19950.0;93.0;0.0;78.44;-7.0;120.41;0.0;0.0;0.0;0.0;2.52E-6
649714;1734.0;0.0;0.0;0.0;17160.0;19.0;0.0;78.44;34.5;78.15;0.0;0.0;0.0;0.0;2.52E-6
650647;1728.0;0.0;0.0;0.0;17220.0;21.0;0.0;78.44;34.5;73.04;0.0;0.0;0.0;0.0;2.52E-6
651573;1681.0;0.0;0.0;-0.8;17320.0;21.0;0.0;78.44;33.5;73.65;0.0;0.0;0.0;0.0;1.8E-7
652504;1612.0;0.0;0.0;-1.6;17390.0;21.0;0.0;78.44;33.5;74.33;0.0;0.0;0.0;0.0;1.8E-7
653464;1548.0;0.0;0.0;-3.1;17430.0;21.0;0.0;78.44;33.0;74.41;0.0;0.0;0.0;0.0;0.0
654392;1484.0;0.0;0.0;-3.1;17460.0;22.0;0.0;78.44;33.0;75.05;0.0;0.0;0.0;0.0;0.0
655355;1438.0;0.0;0.0;-3.9;17490.0;22.0;0.0;78.44;32.5;75.39;0.0;0.0;0.0;0.0;0.0
656285;1405.0;0.0;0.0;-4.7;17510.0;22.0;0.0;78.44;33.0;74.94;0.0;0.0;0.0;0.0;0.0
657276;1362.0;0.0;0.0;-4.7;17520.0;22.0;0.0;78.44;32.0;76.17;0.0;0.0;0.0;0.0;0.0
658204;1312.0;0.0;0.0;-6.3;17520.0;22.0;0.0;78.44;32.0;75.16;0.0;0.0;0.0;0.0;0.0
659132;1267.0;0.0;0.0;-7.0;17520.0;22.0;0.0;78.44;32.0;75.28;0.0;0.0;0.0;0.0;0.0
660063;1195.0;0.0;0.0;-9.4;17510.0;22.0;0.0;78.44;32.0;77.85;0.0;0.0;0.0;0.0;0.0
660991;1092.0;0.0;0.0;-12.5;17500.0;22.0;0.0;78.44;30.5;74.73;0.0;0.0;0.0;0.0;0.0
661983;1022.0;0.0;0.0;-17.2;17490.0;23.0;0.0;78.44;30.5;73.97;0.0;0.0;0.0;0.0;0.0
662944;972.0;0.0;0.0;-18.8;17450.0;22.0;0.0;78.44;31.0;73.21;0.0;0.0;0.0;0.0;0.0
663873;957.0;0.0;0.0;-20.3;17430.0;23.0;0.0;78.44;30.5;74.61;0.0;0.0;0.0;0.0;0.0
664834;939.0;0.0;0.0;-3.1;16930.0;46.0;0.0;78.44;-2.5;321.74;0.0;0.0;0.0;0.0;0.0
665763;1284.0;0.0;0.0;0.8;18510.0;98.0;0.0;108.22;4.0;327.67;0.0;0.0;0.0;0.0;5.4E-7
666724;1300.0;-2.3;0.0;0.8;20490.0;111.0;0.0;108.34;1.5;327.67;0.0;0.0;0.0;0.0;5.4E-7
667682;1329.0;-5.5;0.0;0.8;18800.0;88.0;0.0;89.81;11.5;322.73;0.0;0.0;0.0;0.0;1.64E-6
668616;1359.0;-7.8;0.0;0.8;16230.0;72.0;0.0;78.44;17.0;249.04;0.0;0.0;0.0;0.0;1.64E-6
669545;1367.0;-7.0;0.0;0.8;13660.0;66.0;0.0;78.44;18.0;231.64;0.0;0.0;0.0;0.0;1.64E-6
670504;1377.0;-7.8;0.0;0.8;12100.0;63.0;0.0;78.44;18.5;227.63;0.0;0.0;0.0;0.0;8.0E-7
671432;1380.0;-7.8;0.0;0.8;12990.0;66.0;0.0;78.44;18.0;245.84;0.0;0.0;0.0;0.0;8.0E-7
672394;1386.0;-7.8;0.0;0.8;13360.0;66.0;0.0;78.44;2.0;327.67;0.0;0.0;0.0;0.0;8.2E-7
673324;1402.0;-3.9;0.0;0.8;17090.0;87.0;0.0;90.0;12.0;327.67;0.0;0.0;0.0;0.0;8.2E-7
674256;1409.0;-4.7;0.0;0.8;17980.0;87.0;3.5;89.56;12.5;327.67;0.0;0.0;0.0;0.0;8.2E-7
675184;1446.0;-0.8;0.0;0.8;19570.0;96.0;0.0;97.09;6.0;327.67;0.0;0.0;0.0;0.0;1.38E-6
676114;1450.0;-4.7;0.0;0.8;18350.0;92.0;0.0;91.84;11.5;327.67;0.0;0.0;0.0;0.0;1.38E-6
677074;1473.0;-4.7;0.0;0.8;18080.0;87.0;3.5;90.06;-0.5;327.67;0.0;0.0;0.0;0.0;1.5E-6
678004;1474.0;0.0;0.0;0.8;19220.0;92.0;0.0;93.31;13.0;327.67;0.0;0.0;0.0;0.0;1.5E-6
678933;1498.0;-5.5;0.0;0.8;17710.0;84.0;3.5;88.16;16.5;327.67;0.0;0.0;0.0;0.0;1.5E-6
679895;1536.0;-1.6;0.0;0.8;19810.0;95.0;0.0;97.56;6.0;327.67;0.0;0.0;0.0;0.0;1.54E-6
680854;1503.0;-2.3;0.0;0.8;20330.0;101.0;0.0;100.88;4.0;327.67;0.0;0.0;0.0;0.0;1.54E-6
681782;1520.0;-3.9;0.0;0.8;19960.0;98.0;12.2;98.09;8.0;327.67;0.0;0.0;0.0;0.0;1.54E-6
682745;1538.0;-6.3;0.0;0.8;17840.0;85.0;3.5;88.0;15.0;327.67;0.0;0.0;0.0;0.0;1.98E-6
683702;1563.0;-4.7;0.0;0.8;18530.0;85.0;3.5;87.63;16.5;327.67;0.0;0.0;0.0;0.0;1.98E-6
684693;1575.0;-4.7;0.0;0.8;18180.0;84.0;3.5;87.41;17.0;327.67;0.0;0.0;0.0;0.0;1.42E-6
685626;1587.0;-4.7;0.0;0.8;18230.0;84.0;0.0;87.78;17.0;327.67;0.0;0.0;0.0;0.0;1.42E-6
686555;1576.0;-5.5;0.0;0.0;16750.0;54.0;0.0;78.47;22.0;176.53;0.0;0.0;0.0;0.0;1.42E-6
687483;1594.0;-8.6;0.0;0.0;13860.0;52.0;0.0;78.44;23.0;184.63;0.0;0.0;0.0;0.0;1.12E-6
688445;1580.0;-10.2;0.0;0.0;10880.0;52.0;3.9;78.44;19.5;248.49;0.0;0.0;0.0;0.0;1.12E-6
689375;1587.0;-3.1;0.0;0.8;15250.0;92.0;0.0;92.03;11.0;327.67;0.0;0.0;0.0;0.0;9.4E-7
690307;1552.0;-1.6;0.0;0.0;17970.0;39.0;0.0;78.44;-1.5;148.15;0.0;0.0;0.0;0.0;9.4E-7
691235;1558.0;-2.3;0.0;0.8;16430.0;96.0;0.0;99.91;8.5;327.67;0.0;0.0;0.0;0.0;9.4E-7
692164;1572.0;-1.6;0.0;0.8;19620.0;94.0;0.0;96.81;9.0;327.67;0.0;0.0;0.0;0.0;1.38E-6
693124;1573.0;-5.5;0.0;0.0;17780.0;55.0;0.0;78.44;20.5;211.69;0.0;0.0;0.0;0.0;1.38E-6
694057;1592.0;-9.4;0.0;0.8;17940.0;81.0;0.0;90.25;11.5;327.67;0.0;0.0;0.0;0.0;1.3E-6
694993;1580.0;-4.7;0.0;0.8;18950.0;88.0;2.7;91.22;11.5;327.67;0.0;0.0;0.0;0.0;1.3E-6
695942;1582.0;-3.9;0.0;0.8;18290.0;78.0;0.0;78.47;3.5;130.58;0.0;0.0;0.0;0.0;1.3E-6
696872;1529.0;-10.2;0.0;-3.1;15770.0;18.0;0.0;78.5;33.5;75.22;0.0;0.0;0.0;0.0;1.12E-6
697835;1507.0;0.0;0.0;-3.1;15740.0;22.0;0.0;78.5;33.5;74.18;0.0;0.0;0.0;0.0;1.12E-6
698795;1478.0;0.0;0.0;-3.1;15810.0;22.0;0.0;78.53;33.5;75.92;0.0;0.0;0.0;0.0;0.0
699722;1455.0;0.0;0.0;-3.9;15870.0;22.0;0.0;78.5;33.5;77.0;0.0;0.0;0.0;0.0;0.0
700686;1436.0;0.0;0.0;-3.9;15910.0;22.0;0.0;78.5;33.0;77.57;0.0;0.0;0.0;0.0;0.0
701614;1415.0;0.0;0.0;-3.9;15940.0;22.0;0.0;78.5;32.5;77.4;0.0;0.0;0.0;0.0;0.0
702545;1398.0;0.0;0.0;-4.7;15950.0;22.0;0.0;78.5;32.5;78.06;0.0;0.0;0.0;0.0;0.0
703505;1381.0;0.0;0.0;-4.7;15970.0;22.0;0.0;78.5;33.0;78.27;0.0;0.0;0.0;0.0;0.0
704465;1361.0;0.0;0.0;-4.7;15980.0;22.0;0.0;78.53;32.5;77.91;0.0;0.0;0.0;0.0;0.0
705425;1340.0;0.0;0.0;-5.5;15980.0;22.0;0.0;78.53;32.5;78.97;0.0;0.0;0.0;0.0;0.0
706385;1320.0;0.0;0.0;-5.5;15980.0;22.0;0.0;78.5;32.5;78.68;0.0;0.0;0.0;0.0;0.0
707345;1300.0;0.0;0.0;-5.5;15970.0;22.0;0.0;78.5;32.0;78.74;0.0;0.0;0.0;0.0;0.0
708275;1283.0;0.0;0.0;-6.3;15960.0;22.0;0.0;78.47;32.0;79.99;0.0;0.0;0.0;0.0;0.0
709233;1257.0;0.0;0.0;-6.3;15950.0;22.0;0.0;78.44;32.0;79.71;0.0;0.0;0.0;0.0;0.0
710195;1236.0;0.0;0.0;-6.3;15950.0;22.0;0.0;78.47;32.5;77.34;0.0;0.0;0.0;0.0;0.0
711158;1218.0;0.0;0.0;-7.8;15940.0;22.0;0.0;78.5;32.0;89.84;0.0;0.0;0.0;0.0;0.0
712084;1233.0;0.0;0.0;0.0;13470.0;43.0;0.0;78.53;14.0;262.07;0.0;0.0;0.0;-0.75;0.0
713075;1238.0;-4.7;0.0;0.8;15580.0;89.0;0.0;92.34;7.0;327.67;0.0;0.0;0.0;0.0;9.4E-7
714008;1218.0;-2.3;0.0;0.8;17420.0;90.0;0.0;93.19;9.5;327.67;0.0;0.0;0.0;0.0;9.4E-7
714937;1227.0;-2.3;0.0;0.8;17290.0;90.0;0.0;92.81;9.5;327.67;0.0;0.0;0.0;0.0;9.4E-7
715928;1227.0;-2.3;0.0;0.8;17180.0;91.0;0.0;96.88;6.5;327.67;0.0;0.0;0.0;0.0;1.16E-6
716885;1220.0;-3.9;0.0;0.8;19370.0;99.0;0.0;104.59;2.5;327.67;0.0;0.0;0.0;0.0;1.16E-6
717877;1745.0;0.0;0.0;0.8;19680.0;94.0;5.1;88.69;15.0;327.67;0.0;0.0;0.0;0.0;1.84E-6
718804;1763.0;-3.9;0.0;0.8;18570.0;85.0;0.0;88.31;17.0;327.67;0.0;0.0;0.0;0.0;1.84E-6
719766;1774.0;-3.1;0.0;0.8;18650.0;85.0;0.0;88.06;17.0;327.67;0.0;0.0;0.0;0.0;1.84E-6
720724;1790.0;-2.3;0.0;0.8;18580.0;84.0;0.0;86.69;18.5;327.67;0.0;0.0;0.0;0.0;1.7E-6
721654;1791.0;-3.1;0.0;0.8;17410.0;78.0;3.5;80.28;14.5;317.14;0.0;0.0;0.0;0.0;1.7E-6
722587;1806.0;-3.1;0.0;0.8;15730.0;67.0;6.3;78.47;17.0;268.52;0.0;0.0;0.0;0.0;1.7E-6
723545;1807.0;-2.3;0.0;0.8;14990.0;66.0;9.0;78.47;18.0;262.26;0.0;0.0;0.0;0.0;1.36E-6
724474;1810.0;0.0;0.0;0.8;14990.0;66.0;11.8;78.47;18.0;263.49;0.0;0.0;0.0;0.0;1.36E-6
725406;1803.0;1.6;0.0;0.8;15080.0;66.0;12.5;78.47;18.0;264.4;0.0;0.0;0.0;0.0;1.12E-6
726336;1797.0;1.6;0.0;0.8;15100.0;65.0;12.5;78.44;17.5;268.2;0.0;0.0;0.0;0.0;1.12E-6
727265;1801.0;0.0;0.0;0.8;15700.0;69.0;13.7;78.44;17.0;279.81;0.0;0.0;0.0;0.0;1.12E-6
728193;1792.0;0.0;0.0;0.8;16460.0;70.0;14.1;78.44;16.0;290.33;0.0;0.0;0.0;0.0;1.16E-6
729127;1794.0;0.0;0.0;0.8;16570.0;71.0;14.1;78.47;16.0;294.16;0.0;0.0;0.0;0.0;1.16E-6
730053;1789.0;-0.8;0.0;0.8;16610.0;72.0;14.9;78.44;15.5;302.17;0.0;0.0;0.0;0.0;1.28E-6
731013;1792.0;-0.8;0.0;0.8;17010.0;74.0;16.9;79.28;15.0;318.32;0.0;0.0;0.0;0.0;1.28E-6
731943;1793.0;0.0;0.0;0.8;17250.0;76.0;17.3;79.13;15.0;316.65;0.0;0.0;0.0;0.0;1.28E-6
732874;1794.0;-0.8;0.0;0.8;17190.0;75.0;66.3;79.03;15.0;315.72;0.0;0.0;0.0;0.0;1.36E-6
733834;1794.0;9.4;0.0;0.8;17250.0;76.0;97.6;78.84;15.0;316.33;0.0;0.0;0.0;0.0;1.36E-6
734764;1796.0;9.4;0.0;0.8;18450.0;93.0;39.2;79.97;8.5;313.41;0.0;0.0;0.0;0.0;1.62E-6
735695;2549.0;0.0;0.0;0.8;14930.0;61.0;72.2;80.22;3.5;327.67;0.0;0.0;0.0;0.0;1.62E-6
736625;2599.0;0.0;0.0;0.8;21180.0;118.0;62.4;200.16;5.0;327.67;-1.13;0.0;0.0;0.0;1.62E-6
737557;2793.0;0.0;0.0;0.8;22950.0;224.0;0.0;218.59;-5.5;327.67;-0.75;0.0;0.0;0.0;5.1E-6
738489;3059.0;2.3;0.0;0.8;22980.0;221.0;0.0;219.5;-4.5;327.67;0.0;0.0;0.0;0.0;5.1E-6
739415;3346.0;2.3;0.0;0.8;22840.0;216.0;0.0;212.38;2.5;327.67;0.0;0.0;0.0;0.0;5.1E-6
740344;3628.0;0.8;0.0;0.8;22860.0;213.0;0.0;213.66;3.5;327.67;0.0;0.0;0.0;0.0;1.182E-5
741275;3914.0;0.0;0.0;0.8;22820.0;214.0;34.1;214.22;3.5;327.67;0.0;0.0;0.0;0.0;1.182E-5
742204;4196.0;0.8;0.0;0.8;22970.0;213.0;71.4;213.91;4.0;327.67;0.0;0.0;0.0;0.0;1.36E-5
743196;4465.0;0.0;0.0;0.8;22890.0;215.0;74.9;216.22;5.0;327.67;0.0;0.0;0.0;0.0;1.36E-5
744125;4753.0;0.0;0.0;0.8;22930.0;213.0;78.0;217.84;6.5;327.67;0.0;0.0;0.0;0.0;1.36E-5
745120;5019.0;0.0;0.0;0.8;22870.0;215.0;78.0;221.94;7.5;327.67;0.0;0.0;0.0;0.0;1.596E-5
746045;5282.0;0.0;0.0;0.8;22860.0;221.0;79.6;227.97;8.0;327.67;0.0;0.0;0.0;-1.88;1.596E-5
746975;5535.0;-0.8;0.0;0.8;22860.0;229.0;82.7;231.69;6.5;327.67;0.0;-1.88;-1.88;-1.5;1.814E-5
747908;5772.0;-2.3;0.0;0.8;22860.0;221.0;83.5;229.53;8.0;327.67;0.0;-1.5;-1.13;-0.75;1.814E-5
748836;5982.0;-3.9;0.0;0.8;23060.0;211.0;83.9;225.84;8.5;327.67;0.0;-0.75;-0.75;0.0;1.814E-5
749768;6177.0;-3.1;0.0;0.8;23140.0;215.0;83.9;220.38;10.5;327.67;0.0;0.0;0.0;0.0;1.872E-5
750694;6352.0;-3.1;0.0;0.8;22900.0;208.0;83.5;188.59;6.5;327.67;0.0;0.0;0.0;0.0;1.872E-5
751628;6481.0;0.0;0.0;0.8;21800.0;187.0;5.9;220.66;-2.0;327.67;0.0;0.0;0.0;0.0;1.678E-5
752557;4488.0;0.0;0.0;0.8;18870.0;27.0;0.0;78.5;34.5;96.03;0.0;0.0;0.0;0.0;1.678E-5
753484;4441.0;0.0;0.0;0.8;17760.0;26.0;0.0;78.5;-2.5;88.02;0.0;0.0;0.0;0.0;1.678E-5
754416;4358.0;0.0;0.0;0.8;14830.0;27.0;0.0;78.5;33.0;94.13;0.0;0.0;0.0;0.0;4.2E-7
755346;3786.0;0.0;0.0;0.8;15200.0;25.0;0.0;78.47;31.5;87.34;0.0;0.0;0.0;0.0;4.2E-7
756273;3038.0;0.0;0.0;0.8;15470.0;23.0;0.0;78.44;38.0;80.41;0.0;0.0;0.0;0.0;0.0
757208;2688.0;0.0;0.0;0.8;15720.0;23.0;0.0;78.44;38.0;80.69;0.0;0.0;0.0;0.0;0.0
758135;2409.0;0.0;0.0;0.8;15930.0;22.0;0.0;78.44;36.0;75.47;0.0;0.0;0.0;0.0;0.0
759067;1903.0;0.0;0.0;0.8;16120.0;22.0;0.0;78.44;33.5;75.47;0.0;0.0;0.0;0.0;0.0
759993;1570.0;0.0;0.0;-2.3;16290.0;22.0;0.0;78.44;33.5;75.83;0.0;0.0;0.0;0.0;0.0
760925;1503.0;0.0;0.0;-3.1;16450.0;22.0;0.0;78.44;33.0;76.2;0.0;0.0;0.0;0.0;0.0
761853;1518.0;0.0;0.0;0.8;15170.0;54.0;0.0;89.5;7.5;327.67;0.0;0.0;0.0;0.0;4.0E-8
762786;1648.0;0.0;0.0;0.8;19280.0;112.0;44.3;190.5;5.0;327.67;0.0;0.0;0.0;0.0;4.0E-8
763713;1983.0;0.0;0.0;0.8;23070.0;143.0;62.7;131.0;0.5;327.67;0.0;0.0;0.0;0.0;3.0E-6
764649;1964.0;-7.8;0.0;0.8;19760.0;19.0;0.0;78.44;-5.0;74.35;0.0;0.0;0.0;0.0;3.0E-6
765574;1931.0;0.0;0.0;0.8;18800.0;21.0;0.0;78.44;3.5;114.81;0.0;0.0;0.0;0.0;3.0E-6
766512;1933.0;0.0;0.0;0.8;17250.0;87.0;0.0;111.31;9.0;327.67;0.0;0.0;0.0;0.0;5.4E-7
767436;1943.0;0.0;0.0;0.8;21910.0;131.0;62.7;151.56;2.0;327.67;0.0;0.0;0.0;0.0;5.4E-7
768365;1973.0;0.0;0.0;0.8;22980.0;155.0;62.7;120.94;10.5;327.67;0.0;0.0;0.0;0.0;3.6E-6
769295;1978.0;-2.3;0.0;0.8;19850.0;82.0;82.0;85.72;-7.0;327.67;0.0;0.0;0.0;0.0;3.6E-6
770255;1584.0;3.9;0.0;0.8;20540.0;105.0;0.0;119.34;5.0;327.67;0.0;0.0;0.0;0.0;3.6E-6
771213;1523.0;0.0;0.0;0.8;22320.0;130.0;64.3;98.69;-8.5;327.67;0.0;0.0;0.0;0.0;2.28E-6
772147;1467.0;-12.5;0.0;-4.7;20380.0;19.0;0.0;78.44;-15.5;73.12;0.0;0.0;0.0;0.0;2.28E-6
773105;1456.0;0.0;0.0;-3.9;20240.0;21.0;0.0;78.44;33.0;73.97;0.0;0.0;0.0;0.0;3.6E-7
774095;1416.0;0.0;0.0;-3.9;20150.0;21.0;0.0;78.44;-10.0;131.51;0.0;0.0;0.0;0.0;3.6E-7
775085;1424.0;0.0;0.0;0.8;18010.0;95.0;0.0;92.22;13.0;327.67;0.0;0.0;0.0;0.0;3.6E-7
776018;1368.0;-4.7;0.0;-3.9;17090.0;23.0;0.0;78.44;-10.0;80.96;0.0;0.0;0.0;0.0;6.8E-7
776946;1326.0;0.0;0.0;-7.8;15830.0;22.0;0.0;78.44;32.0;78.63;0.0;0.0;0.0;0.0;6.8E-7
777875;1289.0;0.0;0.0;-6.3;16000.0;21.0;0.0;78.41;30.5;78.7;0.0;0.0;0.0;0.0;6.0E-8
778804;1256.0;0.0;0.0;-7.0;16110.0;21.0;0.0;78.41;31.0;77.62;0.0;0.0;0.0;0.0;6.0E-8
779735;1203.0;0.0;0.0;-7.8;16200.0;22.0;0.0;78.38;31.5;75.6;0.0;0.0;0.0;0.0;6.0E-8
780725;1120.0;0.0;0.0;-10.2;16280.0;22.0;0.0;78.34;32.0;76.36;0.0;0.0;0.0;0.0;0.0
781656;1053.0;0.0;0.0;-14.1;16350.0;23.0;0.0;78.34;31.5;77.21;0.0;0.0;0.0;0.0;0.0
782582;1017.0;0.0;0.0;-14.8;16400.0;23.0;0.0;78.34;-15.5;176.62;0.0;0.0;0.0;0.0;0.0
783514;1316.0;0.0;0.0;0.8;15910.0;94.0;0.0;103.88;6.0;327.67;0.0;0.0;0.0;0.0;1.4E-7
784474;1876.0;3.1;0.0;0.8;20180.0;104.0;62.7;106.56;9.0;327.67;0.0;0.0;0.0;0.0;1.4E-7
785436;1971.0;0.8;0.0;0.8;19220.0;101.0;62.7;115.16;9.5;327.67;0.0;0.0;0.0;0.0;2.62E-6
786395;1990.0;0.0;0.0;0.8;18510.0;66.0;48.6;78.34;14.5;166.99;0.0;0.0;0.0;0.0;2.62E-6
787355;1951.0;-12.5;0.0;0.8;14630.0;19.0;0.0;78.34;34.0;74.33;0.0;0.0;0.0;0.0;2.62E-6
788285;1932.0;0.0;0.0;0.8;14500.0;21.0;0.0;78.34;35.0;74.54;0.0;0.0;0.0;0.0;9.0E-7
789218;1899.0;0.0;0.0;0.8;14640.0;22.0;0.0;78.34;35.0;76.64;0.0;0.0;0.0;0.0;9.0E-7
790179;1875.0;0.0;0.0;0.8;14740.0;22.0;0.0;78.34;34.5;77.19;0.0;0.0;0.0;0.0;0.0
791134;1754.0;0.0;0.0;0.0;14840.0;22.0;0.0;78.34;33.5;76.17;0.0;0.0;0.0;0.0;0.0
792066;1392.0;0.0;0.0;-3.1;14280.0;27.0;0.0;78.34;-7.0;206.33;0.0;0.0;0.0;0.0;0.0
793025;1302.0;0.0;0.0;0.8;15110.0;97.0;0.0;102.91;2.0;327.67;0.0;0.0;0.0;0.0;3.8E-7
793956;1300.0;0.0;0.0;0.8;18280.0;71.0;0.0;78.34;-6.5;126.49;0.0;0.0;0.0;0.0;3.8E-7
794886;1290.0;-9.4;0.0;-6.3;16070.0;18.0;0.0;78.31;-16.5;78.44;0.0;0.0;0.0;0.0;9.6E-7
795815;1251.0;0.0;0.0;-6.3;15850.0;22.0;0.0;78.31;31.0;75.43;0.0;0.0;0.0;0.0;9.6E-7
796774;1221.0;0.0;0.0;-6.3;15930.0;22.0;0.0;78.31;33.5;80.65;0.0;0.0;0.0;0.0;9.6E-7
797704;1219.0;0.0;0.0;-2.3;14880.0;33.0;0.0;78.28;-4.0;227.61;0.0;0.0;0.0;0.0;4.0E-8
798636;1365.0;0.0;0.0;0.8;15870.0;98.0;26.3;128.59;7.0;327.67;0.0;0.0;0.0;0.0;4.0E-8
799594;1875.0;2.3;0.0;0.8;22080.0;137.0;62.7;132.19;3.0;327.67;0.0;0.0;0.0;0.0;2.5E-6
800644;1953.0;1.6;0.0;0.8;19740.0;87.0;59.2;89.0;15.5;327.67;0.0;0.0;0.0;0.0;2.5E-6
801606;1991.0;-3.1;0.0;0.8;16100.0;19.0;0.0;78.31;-8.5;83.55;0.0;0.0;0.0;0.0;2.5E-6
802535;1959.0;0.0;0.0;0.8;14660.0;21.0;0.0;78.34;35.0;76.47;0.0;0.0;0.0;0.0;1.06E-6
803464;1929.0;0.0;0.0;0.8;14800.0;21.0;0.0;78.31;35.0;76.6;0.0;0.0;0.0;0.0;1.06E-6
804426;1808.0;0.0;0.0;0.0;14890.0;21.0;0.0;78.31;33.5;76.49;0.0;0.0;0.0;0.0;0.0
805358;1417.0;0.0;0.0;-4.7;14970.0;22.0;0.0;78.31;31.5;79.37;0.0;0.0;0.0;0.0;0.0
806284;1249.0;0.0;0.0;-7.0;15020.0;22.0;0.0;78.31;32.0;79.95;0.0;0.0;0.0;0.0;0.0
807214;1218.0;0.0;0.0;-2.3;14420.0;27.0;0.0;78.28;-0.5;130.41;0.0;0.0;0.0;0.0;4.0E-8
808179;1188.0;0.0;0.0;-6.3;12060.0;19.0;0.0;78.25;-17.5;79.14;0.0;0.0;0.0;0.0;4.0E-8
809168;1177.0;0.0;0.0;-8.6;11750.0;22.0;0.0;78.25;31.0;75.92;0.0;0.0;0.0;0.0;1.6E-7
810095;1144.0;0.0;0.0;-8.6;11850.0;23.0;0.0;78.28;33.0;83.04;0.0;0.0;0.0;0.0;1.6E-7
811055;1162.0;0.0;0.0;0.0;10520.0;43.0;0.0;78.25;-5.5;272.82;0.0;0.0;0.0;0.0;1.6E-7
811985;1121.0;0.0;0.0;-4.7;10900.0;23.0;0.0;78.28;8.5;82.72;0.0;0.0;0.0;0.0;4.0E-7
812944;1093.0;0.0;0.0;-10.9;9760.0;22.0;0.0;78.25;33.5;78.76;0.0;0.0;0.0;0.0;4.0E-7
813875;1071.0;0.0;0.0;-11.7;9890.0;23.0;0.0;78.25;30.5;79.61;0.0;0.0;0.0;0.0;4.0E-8
814836;1053.0;0.0;0.0;-14.1;9980.0;22.0;0.0;78.28;29.0;124.94;0.0;0.0;0.0;0.0;4.0E-8
815767;1085.0;0.0;0.0;0.0;9870.0;68.0;0.0;92.94;9.5;327.67;0.0;0.0;0.0;0.0;4.0E-8
816694;1548.0;1.6;0.0;0.8;14500.0;94.0;66.3;99.28;9.0;327.67;0.0;0.0;0.0;0.0;1.02E-6
817629;1602.0;5.5;0.0;0.8;19400.0;93.0;51.8;94.97;10.5;327.67;0.0;0.0;0.0;0.0;1.02E-6
818555;1640.0;1.6;0.0;0.8;19250.0;90.0;77.6;92.16;12.5;327.67;0.0;0.0;0.0;0.0;1.02E-6
819516;1691.0;4.7;0.0;0.8;18810.0;87.0;88.6;96.34;8.0;327.67;0.0;0.0;0.0;0.0;1.84E-6
820477;1763.0;7.8;0.0;0.8;19330.0;86.0;42.7;102.44;8.0;327.67;0.0;0.0;0.0;0.0;1.84E-6
821436;1809.0;3.9;0.0;0.8;19550.0;93.0;63.9;95.44;11.0;327.67;0.0;0.0;0.0;0.0;2.24E-6
822365;1855.0;0.0;0.0;0.8;17470.0;78.0;98.0;81.34;14.5;324.98;0.0;0.0;0.0;0.0;2.24E-6
823323;1891.0;7.0;0.0;0.8;15970.0;53.0;0.0;78.25;8.5;93.02;0.0;0.0;0.0;0.0;2.24E-6
824288;1875.0;-11.7;0.0;0.8;12200.0;20.0;0.0;78.25;32.0;159.51;0.0;0.0;0.0;0.0;1.1E-6
825216;1887.0;-10.9;0.0;0.8;13460.0;74.0;38.8;80.5;15.5;317.54;0.0;0.0;0.0;0.0;1.1E-6
826175;1926.0;-2.3;0.0;0.8;16320.0;60.0;68.2;78.28;20.5;218.62;0.0;0.0;0.0;0.0;9.8E-7
827107;1976.0;11.7;0.0;0.8;12420.0;47.0;31.4;78.28;18.5;96.18;0.0;0.0;0.0;0.0;9.8E-7
828036;1878.0;3.9;0.0;0.8;8650.0;18.0;12.5;78.25;6.5;79.71;0.0;0.0;0.0;0.0;9.8E-7
828963;1555.0;0.0;0.0;0.0;6660.0;40.0;3.9;78.25;18.0;248.95;0.0;0.0;0.0;0.0;4.8E-7
829893;1374.0;0.0;0.0;0.8;10960.0;59.0;18.0;78.28;19.0;205.86;0.0;0.0;0.0;0.0;4.8E-7
830826;1393.0;0.0;0.0;0.0;11000.0;57.0;58.8;78.28;20.0;207.31;0.0;0.0;0.0;0.0;7.0E-7
831786;1407.0;8.6;0.0;-4.7;9520.0;19.0;0.0;78.28;-16.0;83.8;0.0;0.0;0.0;0.0;7.0E-7
832745;1388.0;0.0;0.0;-4.7;8870.0;22.0;0.0;78.28;32.5;78.99;0.0;0.0;0.0;0.0;7.0E-7
833689;1390.0;0.0;0.0;-3.9;8760.0;21.0;0.0;78.28;-7.5;175.34;0.0;0.0;0.0;0.0;1.2E-7
834636;1426.0;0.0;0.0;0.8;10990.0;81.0;0.0;88.78;12.5;327.67;0.0;0.0;0.0;0.0;1.2E-7
835566;1460.0;-0.8;0.0;0.8;15430.0;83.0;73.7;84.34;14.0;318.05;0.0;0.0;0.0;0.0;1.06E-6
836495;1463.0;5.5;0.0;0.8;16280.0;79.0;98.8;86.19;14.0;327.67;0.0;0.0;0.0;0.0;1.06E-6
837455;1493.0;7.8;0.0;0.8;16410.0;76.0;91.0;78.31;19.0;223.5;0.0;0.0;0.0;0.0;1.06E-6
838386;1509.0;9.4;0.0;0.8;14050.0;65.0;82.0;78.34;19.0;232.85;0.0;0.0;0.0;0.0;9.6E-7
839316;1514.0;7.8;0.0;0.8;13440.0;65.0;90.6;78.34;19.5;234.01;0.0;0.0;0.0;0.0;9.6E-7
840243;1514.0;7.0;0.0;-0.8;12570.0;25.0;0.0;78.34;-16.0;79.57;0.0;0.0;0.0;0.0;9.6E-7
841174;1398.0;0.0;0.0;-4.7;11380.0;21.0;0.0;78.34;31.5;76.39;0.0;0.0;0.0;0.0;5.8E-7
842108;1336.0;0.0;0.0;-5.5;11490.0;22.0;0.0;78.34;33.5;76.89;0.0;0.0;0.0;0.0;5.8E-7
843035;1277.0;0.0;0.0;-6.3;11570.0;22.0;0.0;78.34;33.0;80.79;0.0;0.0;0.0;0.0;0.0
843996;1239.0;0.0;0.0;-6.3;11620.0;22.0;0.0;78.34;31.0;80.5;0.0;0.0;0.0;0.0;0.0
844954;1197.0;0.0;0.0;-7.8;11660.0;21.0;0.0;78.34;31.0;75.96;0.0;0.0;0.0;0.0;0.0
845945;1156.0;0.0;0.0;-8.6;11700.0;23.0;0.0;78.34;32.0;81.03;0.0;0.0;0.0;0.0;0.0
846873;1139.0;0.0;0.0;-1.6;11120.0;33.0;0.0;78.34;-8.5;219.32;0.0;0.0;0.0;0.0;0.0
847805;1157.0;0.0;0.0;0.8;12540.0;96.0;0.0;101.34;5.0;327.67;0.0;0.0;0.0;0.0;7.2E-7
848735;1696.0;3.9;0.0;0.8;17440.0;97.0;62.7;100.63;7.5;327.67;0.0;0.0;0.0;0.0;7.2E-7
849667;1750.0;3.9;0.0;0.8;21030.0;120.0;62.7;120.5;3.5;327.67;0.0;0.0;0.0;0.0;7.2E-7
850601;1793.0;1.6;0.0;0.8;19760.0;100.0;62.4;116.72;6.0;327.67;0.0;0.0;0.0;0.0;2.58E-6
851527;1845.0;0.0;0.0;0.8;19600.0;95.0;62.4;98.25;10.0;327.67;0.0;0.0;0.0;0.0;2.58E-6
852457;1874.0;-1.6;0.0;0.8;17890.0;80.0;95.7;83.16;14.5;327.67;0.0;0.0;0.0;0.0;2.18E-6
853386;1904.0;0.0;0.0;0.8;18620.0;84.0;96.5;87.5;13.5;327.67;0.0;0.0;0.0;0.0;2.18E-6
854317;1913.0;1.6;0.0;0.8;18400.0;84.0;98.0;86.88;13.5;327.67;0.0;0.0;0.0;0.0;2.18E-6
855275;1913.0;0.8;0.0;0.8;16830.0;64.0;99.6;78.34;18.5;258.13;0.0;0.0;0.0;0.0;1.62E-6
856207;1914.0;3.9;0.0;0.8;14800.0;65.0;0.0;78.34;18.5;265.15;0.0;0.0;0.0;0.0;1.62E-6
857145;1855.0;-0.8;0.0;0.8;13200.0;19.0;0.0;78.34;-6.5;74.75;0.0;0.0;0.0;0.0;8.0E-7
858071;1817.0;0.0;0.0;0.8;9830.0;40.0;0.0;78.34;-4.5;327.67;0.0;0.0;0.0;0.0;8.0E-7
859057;1820.0;0.0;0.0;0.8;14780.0;89.0;7.1;91.34;12.0;327.67;0.0;0.0;0.0;0.0;8.0E-7
860016;1823.0;-0.8;0.0;0.8;18700.0;85.0;88.6;87.91;13.0;327.67;0.0;0.0;0.0;0.0;1.5E-6
860947;1831.0;0.8;0.0;0.8;17390.0;77.0;98.4;80.13;14.5;327.61;0.0;0.0;0.0;0.0;1.5E-6
861907;1838.0;3.1;0.0;0.8;16610.0;48.0;0.0;78.34;6.0;91.63;0.0;0.0;0.0;0.0;1.12E-6
862867;1755.0;-9.4;0.0;0.0;13260.0;19.0;0.0;78.34;-13.0;85.75;0.0;0.0;0.0;0.0;1.12E-6
863826;1711.0;0.0;0.0;0.0;12510.0;21.0;0.0;78.34;32.5;75.62;0.0;0.0;0.0;0.0;1.12E-6
864787;1654.0;0.0;0.0;0.0;10850.0;55.0;0.0;93.06;10.5;327.67;0.0;0.0;0.0;0.0;2.6E-7
865718;1624.0;0.0;0.0;0.8;16330.0;92.0;35.3;94.22;11.5;327.67;0.0;0.0;0.0;0.0;2.6E-7
866645;1662.0;0.0;0.0;0.8;19270.0;91.0;68.6;92.47;12.5;327.67;0.0;0.0;0.0;0.0;2.6E-7
867576;1689.0;0.0;0.0;0.8;19220.0;89.0;74.1;91.72;13.5;327.67;0.0;0.0;0.0;0.0;1.94E-6
868534;1705.0;1.6;0.0;0.8;19160.0;89.0;79.6;91.34;14.0;327.67;0.0;0.0;0.0;0.0;1.94E-6
869496;1717.0;0.8;0.0;0.8;19010.0;87.0;86.3;90.31;15.0;327.67;0.0;0.0;0.0;0.0;1.76E-6
870460;1727.0;1.6;0.0;0.8;18950.0;87.0;85.1;89.72;15.5;327.67;0.0;0.0;0.0;0.0;1.76E-6
871414;1738.0;1.6;0.0;0.8;18780.0;86.0;87.5;88.0;17.0;327.67;0.0;0.0;0.0;0.0;1.76E-6
872379;1750.0;2.3;0.0;0.8;18030.0;82.0;98.0;84.75;19.5;327.67;0.0;0.0;0.0;0.0;1.66E-6
873308;1764.0;2.3;0.0;0.8;17730.0;81.0;98.8;83.19;14.0;327.67;0.0;0.0;0.0;0.0;1.66E-6
874234;1773.0;2.3;0.0;0.8;17500.0;78.0;97.6;80.06;14.0;317.1;0.0;0.0;0.0;0.0;1.44E-6
875173;1773.0;2.3;0.0;0.8;17210.0;76.0;98.4;78.34;14.5;308.28;0.0;0.0;0.0;0.0;1.44E-6
876100;1775.0;2.3;0.0;0.8;17130.0;75.0;34.9;78.34;15.0;308.04;0.0;0.0;0.0;0.0;1.44E-6
877028;1776.0;-1.6;0.0;0.8;17140.0;74.0;98.0;78.34;14.5;309.21;0.0;0.0;0.0;0.0;1.3E-6
877959;1780.0;2.3;0.0;0.8;17080.0;75.0;97.3;78.31;15.5;304.0;0.0;0.0;0.0;0.0;1.3E-6
878890;1784.0;3.9;0.0;0.8;17040.0;74.0;98.0;78.31;15.5;305.59;0.0;0.0;0.0;0.0;1.26E-6
879846;1786.0;3.1;0.0;0.8;16860.0;67.0;0.0;78.31;-3.5;78.34;0.0;0.0;0.0;0.0;1.26E-6
880776;1586.0;0.0;0.0;-3.1;15680.0;21.0;0.0;78.34;32.0;75.14;0.0;0.0;0.0;0.0;1.26E-6
881745;1345.0;0.0;0.0;-5.5;15790.0;21.0;0.0;78.34;32.0;78.74;0.0;0.0;0.0;0.0;3.4E-7
882667;1152.0;0.0;0.0;-8.6;15850.0;23.0;0.0;78.31;32.5;75.05;0.0;0.0;0.0;0.0;3.4E-7
883596;970.0;0.0;0.0;-18.0;15900.0;23.0;0.0;78.34;31.5;78.19;0.0;0.0;0.0;0.0;0.0
884532;1217.0;0.0;0.0;-6.3;15940.0;23.0;0.0;78.31;32.0;81.22;0.0;0.0;0.0;0.0;0.0
885459;1158.0;0.0;0.0;-8.6;15960.0;23.0;0.0;78.28;32.5;78.53;0.0;0.0;0.0;0.0;0.0
886418;1070.0;0.0;0.0;-12.5;15980.0;22.0;0.0;78.28;-5.5;145.25;0.0;0.0;0.0;0.0;0.0
887345;1061.0;0.0;0.0;-0.8;13770.0;51.0;0.0;78.25;10.5;261.82;0.0;0.0;0.0;0.0;0.0
888276;1036.0;-4.7;0.0;-0.8;11820.0;59.0;24.7;78.25;9.5;179.31;0.0;0.0;0.0;0.0;5.8E-7
889204;1013.0;-0.8;0.0;-11.7;10090.0;22.0;0.0;78.28;25.0;91.16;0.0;0.0;0.0;0.0;5.8E-7
890137;826.0;-9.4;0.0;-10.9;8400.0;27.0;0.0;78.25;3.5;118.65;0.0;0.0;0.0;0.0;5.8E-7
891098;1076.0;-3.1;0.0;-0.8;8310.0;26.0;0.0;78.28;28.5;89.53;0.0;0.0;0.0;0.0;2.8E-7
892086;1166.0;-12.5;0.0;-7.0;5940.0;24.0;0.0;78.25;15.5;99.15;0.0;0.0;0.0;0.0;2.8E-7
893017;1271.0;-15.6;0.0;-5.5;5880.0;25.0;6.3;78.25;23.5;100.53;0.0;0.0;0.0;0.0;2.8E-7
893946;1353.0;-13.3;0.0;-3.1;6100.0;26.0;0.0;78.25;24.5;117.5;0.0;0.0;0.0;0.0;2.4E-7
894878;1501.0;-11.7;0.0;-0.8;8330.0;42.0;0.0;78.25;24.0;169.81;0.0;0.0;0.0;0.0;2.4E-7
895836;1749.0;-9.4;0.0;0.8;8830.0;46.0;0.0;78.25;-2.5;226.7;0.0;0.0;0.0;0.0;4.8E-7
896771;1395.0;-7.0;0.0;0.8;12690.0;64.0;5.1;78.28;19.0;227.59;0.0;0.0;0.0;0.0;4.8E-7
897758;1603.0;-4.7;0.0;0.8;12920.0;61.0;19.6;78.25;-4.5;259.23;0.0;0.0;0.0;0.0;4.8E-7
898720;1303.0;-2.3;0.0;0.8;14240.0;74.0;65.5;78.28;4.5;181.91;0.0;0.0;0.0;0.0;7.8E-7
899682;1323.0;10.2;1.0;-2.3;11740.0;36.0;45.9;78.25;21.5;163.07;0.0;0.0;0.0;0.0;7.8E-7
900607;1418.0;7.8;1.0;-1.6;9050.0;39.0;51.0;78.28;22.0;124.6;0.0;0.0;0.0;0.0;4.6E-7
901538;1437.0;-0.8;1.0;-3.1;6360.0;19.0;0.0;78.28;-11.5;84.57;0.0;0.0;0.0;0.0;4.6E-7
902465;1524.0;0.0;1.0;-3.1;5130.0;21.0;0.0;78.31;33.0;79.31;0.0;0.0;0.0;0.0;4.6E-7
903429;1553.0;0.0;1.0;-2.3;5280.0;22.0;0.0;78.28;33.5;78.0;0.0;0.0;0.0;0.0;1.4E-7
904391;1584.0;0.0;1.0;-2.3;5380.0;22.0;0.0;78.28;33.0;77.4;0.0;0.0;0.0;0.0;1.4E-7
905317;1321.0;0.0;1.0;-6.3;5480.0;22.0;0.0;78.28;32.5;78.87;0.0;0.0;0.0;0.0;0.0
906245;1094.0;0.0;1.0;-12.5;5540.0;22.0;0.0;78.31;32.0;77.7;0.0;0.0;0.0;0.0;0.0
907174;1025.0;0.0;1.0;-15.6;5600.0;23.0;0.0;78.34;32.5;78.15;0.0;0.0;0.0;0.0;0.0
908137;1009.0;0.0;1.0;-14.8;5640.0;23.0;0.0;78.34;31.5;79.9;0.0;0.0;0.0;0.0;0.0
909066;1003.0;0.0;1.0;-14.8;5700.0;23.0;0.0;78.34;32.5;80.29;0.0;0.0;0.0;0.0;0.0
909998;1037.0;0.0;1.0;-13.3;5730.0;23.0;0.0;78.34;32.5;82.45;0.0;0.0;0.0;0.0;0.0
910929;1077.0;0.0;1.0;-11.7;5780.0;23.0;0.0;78.34;31.5;82.3;0.0;0.0;0.0;0.0;0.0
911886;1120.0;0.0;1.0;-7.8;5830.0;23.0;0.0;78.34;31.5;82.7;0.0;0.0;0.0;0.0;0.0
912850;1162.0;0.0;1.0;-8.6;5860.0;22.0;0.0;78.34;30.5;77.06;0.0;0.0;0.0;0.0;0.0
913775;1204.0;0.0;1.0;-7.0;5880.0;23.0;0.0;78.34;32.5;81.83;0.0;0.0;0.0;0.0;0.0
914705;1242.0;0.0;1.0;-6.3;5910.0;23.0;0.0;78.34;32.5;81.81;0.0;0.0;0.0;0.0;0.0
915667;1291.0;0.0;1.0;-5.5;5940.0;22.0;0.0;78.34;32.5;79.57;0.0;0.0;0.0;0.0;0.0
916630;1327.0;0.0;1.0;-5.5;5970.0;22.0;0.0;78.34;32.5;80.67;0.0;0.0;0.0;0.0;0.0
917555;1323.0;0.0;1.0;-5.5;6000.0;22.0;0.0;78.34;33.5;79.99;0.0;0.0;0.0;0.0;0.0
918485;1537.0;0.0;1.0;0.0;6010.0;22.0;0.0;78.34;34.5;79.14;0.0;0.0;0.0;0.0;0.0
919447;1760.0;0.0;1.0;0.0;6040.0;22.0;0.0;78.34;34.0;79.46;0.0;0.0;0.0;0.0;0.0
920376;1739.0;0.0;1.0;0.0;6060.0;22.0;0.0;78.34;33.5;79.73;0.0;0.0;0.0;0.0;0.0
921308;1710.0;0.0;1.0;0.0;6080.0;22.0;0.0;78.34;33.5;79.73;0.0;0.0;0.0;0.0;0.0
922236;1689.0;0.0;1.0;0.0;6100.0;22.0;0.0;78.34;34.0;79.93;0.0;0.0;0.0;0.0;0.0
923167;1665.0;0.0;1.0;0.0;6100.0;22.0;0.0;78.34;33.5;81.11;0.0;0.0;0.0;0.0;0.0
924099;1590.0;0.0;1.0;-2.3;6120.0;22.0;0.0;78.34;32.5;80.05;0.0;0.0;0.0;0.0;0.0
925058;1481.0;0.0;1.0;-3.9;6140.0;22.0;0.0;78.38;33.5;79.18;0.0;0.0;0.0;0.0;0.0
926017;1397.0;0.0;1.0;-4.7;6150.0;22.0;0.0;78.34;33.0;79.76;0.0;0.0;0.0;0.0;0.0
926977;1345.0;0.0;1.0;-5.5;6170.0;22.0;0.0;78.34;32.5;81.45;0.0;0.0;0.0;0.0;0.0
927907;1300.0;0.0;1.0;-5.5;6180.0;22.0;0.0;78.38;32.0;81.32;0.0;0.0;0.0;0.0;0.0
928837;1256.0;0.0;1.0;-6.3;6200.0;22.0;0.0;78.38;31.5;80.16;0.0;0.0;0.0;0.0;0.0
929767;1132.0;0.0;1.0;-9.4;6210.0;22.0;0.0;78.41;32.5;82.07;0.0;0.0;0.0;0.0;0.0
930696;992.0;0.0;1.0;-12.5;5730.0;22.0;0.0;78.44;19.0;86.86;0.0;0.0;0.0;0.0;0.0
931626;1030.0;0.0;1.0;-9.4;5390.0;20.0;0.0;78.44;29.0;86.28;0.0;0.0;0.0;0.0;1.4E-7
932587;977.0;-8.6;1.0;-13.3;5410.0;22.0;0.0;78.44;17.5;112.99;0.0;0.0;0.0;0.0;1.4E-7
933522;884.0;-8.6;1.0;-10.9;5440.0;26.0;0.0;78.44;8.0;113.1;0.0;0.0;0.0;0.0;1.4E-7
934446;883.0;-7.8;1.0;-10.9;5450.0;26.0;0.0;78.44;8.0;116.4;0.0;0.0;0.0;0.0;2.2E-7
935376;1221.0;-2.3;1.0;0.0;7080.0;33.0;0.0;78.44;17.5;82.87;0.0;0.0;0.0;0.0;2.2E-7
936370;1351.0;-9.4;1.0;-0.8;7500.0;48.0;0.0;78.44;-4.0;327.67;0.0;0.0;0.0;0.0;6.2E-7
937331;1510.0;-0.8;1.0;0.8;12170.0;77.0;0.0;81.53;14.5;292.47;0.0;0.0;0.0;0.0;6.2E-7
938259;1754.0;-0.8;1.0;0.8;16780.0;77.0;0.0;83.84;-5.5;262.88;0.0;0.0;0.0;0.0;6.2E-7
939219;1323.0;-3.1;1.0;-3.1;14990.0;29.0;0.0;78.44;21.5;136.11;0.0;0.0;0.0;0.0;1.02E-6
940146;1314.0;-4.7;1.0;0.8;12990.0;70.0;0.0;82.41;14.0;327.67;0.0;0.0;0.0;0.0;1.02E-6
941075;1441.0;-0.8;1.0;0.8;17190.0;78.0;0.0;78.44;17.0;249.12;0.0;0.0;0.0;0.0;8.8E-7
942006;1548.0;-4.7;1.0;0.0;14190.0;44.0;0.0;78.44;8.5;85.39;0.0;0.0;0.0;0.0;8.8E-7
942993;1527.0;-13.3;1.0;-3.1;11210.0;18.0;0.0;78.44;-16.0;84.86;0.0;0.0;0.0;0.0;8.8E-7
943924;1470.0;-9.4;1.0;-4.7;8190.0;18.0;0.0;78.44;-17.0;87.58;0.0;0.0;0.0;0.0;3.2E-7
944891;1413.0;-4.7;1.0;-3.9;5550.0;19.0;5.1;78.44;-15.0;79.29;0.0;0.0;0.0;0.0;3.2E-7
945817;1381.0;-13.3;1.0;-7.0;5420.0;18.0;0.0;78.44;5.5;81.79;0.0;0.0;0.0;0.0;3.2E-7
946744;1326.0;-14.1;1.0;-7.0;5440.0;18.0;0.0;78.44;-6.5;79.8;0.0;0.0;0.0;0.0;2.2E-7
947708;1272.0;-16.4;1.0;-8.6;5450.0;17.0;0.0;78.44;-1.5;83.51;0.0;0.0;0.0;0.0;2.2E-7
948669;1201.0;-17.2;1.0;-10.9;5420.0;18.0;0.0;78.44;5.0;82.21;0.0;0.0;0.0;0.0;1.8E-7
949594;1114.0;-15.6;1.0;-12.5;5370.0;18.0;0.0;78.47;11.5;166.61;0.0;0.0;0.0;0.0;1.8E-7
950530;1112.0;-12.5;1.0;0.0;8320.0;57.0;0.0;78.47;3.5;190.01;0.0;0.0;0.0;0.0;1.8E-7
951489;1191.0;-10.2;1.0;0.8;11240.0;90.0;26.7;95.34;7.5;327.67;0.0;0.0;0.0;0.0;4.0E-7
952446;1318.0;-0.8;1.0;0.8;15360.0;97.0;0.0;103.19;6.5;327.67;0.0;0.0;0.0;0.0;4.0E-7
953377;1527.0;-1.6;1.0;0.8;19330.0;91.0;0.0;91.19;14.5;327.67;0.0;0.0;0.0;0.0;1.58E-6
954337;1722.0;-3.9;1.0;0.8;17100.0;70.0;0.0;78.47;18.0;258.11;0.0;0.0;0.0;0.0;1.58E-6
955268;1401.0;-3.9;1.0;0.8;14870.0;75.0;0.0;78.47;16.0;289.14;0.0;0.0;0.0;0.0;1.58E-6
956258;1295.0;-5.5;1.0;0.0;13810.0;58.0;32.9;78.44;19.5;190.75;0.0;0.0;0.0;0.0;1.04E-6
957189;1314.0;1.6;1.0;-3.9;11310.0;29.0;34.1;78.44;21.5;135.58;0.0;0.0;0.0;0.0;1.04E-6
958116;1301.0;5.5;1.0;-3.9;8900.0;29.0;37.6;78.47;21.5;137.32;0.0;0.0;0.0;0.0;3.8E-7
959048;1288.0;6.3;1.0;-3.9;6520.0;28.0;38.4;78.5;21.5;115.85;0.0;0.0;0.0;0.0;3.8E-7
960008;1244.0;2.3;1.0;-6.3;5490.0;19.0;0.0;78.5;-4.0;83.32;0.0;0.0;0.0;0.0;3.8E-7
960969;1220.0;0.0;1.0;-7.0;5100.0;22.0;0.0;78.53;30.5;76.87;0.0;0.0;0.0;0.0;2.2E-7
961899;1192.0;0.0;1.0;-7.8;5540.0;19.0;0.0;78.5;33.5;80.24;0.0;0.0;0.0;0.0;2.2E-7
962889;1150.0;0.0;1.0;-10.2;5500.0;20.0;3.1;78.5;24.0;80.6;0.0;0.0;0.0;0.0;1.4E-7
963822;1123.0;-14.1;1.0;-9.4;5520.0;21.0;0.0;78.53;29.0;90.76;0.0;0.0;0.0;0.0;1.4E-7
964748;1097.0;-14.1;1.0;-10.2;5520.0;22.0;0.0;78.5;23.5;117.46;0.0;0.0;0.0;0.0;1.4E-7
965708;1082.0;-14.1;1.0;-7.0;6060.0;28.0;0.0;78.53;18.5;135.41;0.0;0.0;0.0;0.0;2.2E-7
966667;1076.0;-11.7;1.0;-6.3;6180.0;29.0;0.0;78.53;16.0;171.02;0.0;0.0;0.0;0.0;2.2E-7
967598;1089.0;-10.9;1.0;-0.8;8880.0;53.0;0.0;78.53;14.5;225.68;0.0;0.0;0.0;0.0;4.0E-7
968524;1104.0;-10.2;1.0;0.0;10600.0;53.0;0.0;78.53;15.5;186.66;0.0;0.0;0.0;0.0;4.0E-7
969458;1109.0;-8.6;1.0;-4.7;8850.0;29.0;0.0;78.5;16.0;95.44;0.0;0.0;0.0;0.0;4.0E-7
970420;1092.0;0.0;1.0;-10.2;6970.0;19.0;0.0;78.5;31.0;85.73;0.0;0.0;0.0;0.0;3.6E-7
971345;1061.0;0.0;1.0;-10.2;5440.0;22.0;0.0;78.5;21.5;86.9;0.0;0.0;0.0;0.0;3.6E-7
972308;1047.0;-8.6;1.0;-12.5;5450.0;23.0;5.1;78.53;22.0;119.67;0.0;0.0;0.0;0.0;2.0E-7
973236;1028.0;-9.4;1.0;-8.6;5680.0;28.0;5.1;78.53;18.5;128.25;0.0;0.0;0.0;0.0;2.0E-7
974171;1014.0;-9.4;0.0;-8.6;5820.0;29.0;5.1;78.5;18.0;131.73;0.0;0.0;0.0;0.0;2.0E-7
975097;1004.0;-9.4;0.0;-8.6;6040.0;29.0;5.1;78.53;18.5;128.76;0.0;0.0;0.0;0.0;2.6E-7
976031;994.0;-9.4;0.0;-10.9;5600.0;26.0;5.5;78.53;17.5;144.53;0.0;0.0;0.0;0.0;2.6E-7
976989;1016.0;-8.6;0.0;-5.5;7530.0;41.0;4.3;78.53;13.0;224.26;0.0;0.0;0.0;0.0;2.6E-7
977947;1023.0;-6.3;0.0;-0.8;10590.0;63.0;4.3;78.53;12.5;261.61;0.0;0.0;0.0;0.0;3.6E-7
978905;1067.0;-6.3;0.0;0.0;13910.0;80.0;7.5;83.0;11.0;312.26;0.0;0.0;0.0;0.0;3.6E-7
979898;1095.0;-3.1;0.0;0.0;14390.0;77.0;30.2;83.06;11.0;327.67;0.0;0.0;0.0;0.0;7.0E-7
980856;1142.0;3.1;0.0;0.8;15810.0;84.0;72.2;87.81;11.5;327.67;0.0;0.0;0.0;0.0;7.0E-7
981816;1216.0;10.9;0.0;0.8;16090.0;84.0;0.0;78.53;-0.5;148.53;0.0;0.0;0.0;0.0;7.0E-7
982751;1191.0;-4.7;0.0;-8.6;13690.0;19.0;0.0;78.53;5.0;80.14;0.0;0.0;0.0;0.0;7.6E-7
983706;1160.0;0.0;0.0;-8.6;12600.0;22.0;0.0;78.53;31.0;78.17;0.0;0.0;0.0;0.0;7.6E-7
984636;1051.0;0.0;0.0;-14.8;12660.0;23.0;0.0;78.53;31.0;78.78;0.0;0.0;0.0;0.0;6.0E-8
985598;927.0;0.0;0.0;-12.5;12070.0;21.0;0.0;78.53;30.0;97.77;0.0;0.0;0.0;0.0;6.0E-8
986558;1036.0;0.0;0.0;-12.5;10190.0;21.0;0.0;78.53;23.0;104.41;0.0;0.0;0.0;0.0;6.0E-8
987490;817.0;-8.6;0.0;-10.2;8530.0;28.0;0.0;78.53;5.0;125.32;0.0;0.0;0.0;0.0;1.8E-7
988447;785.0;-9.4;0.0;-7.8;7070.0;33.0;0.0;78.5;-1.0;178.84;0.0;0.0;0.0;0.0;1.8E-7
989381;815.0;-7.0;0.0;-4.7;7900.0;45.0;0.0;78.53;-13.0;188.97;0.0;0.0;0.0;0.0;3.2E-7
990334;825.0;-7.0;0.0;-7.0;6790.0;35.0;0.0;78.53;-5.5;154.79;0.0;0.0;0.0;0.0;3.2E-7
